N_gen,winding,asym,noise_strength,T_STEPS,N_MONTE,kappa0,tau_decoh_mean,tau_decoh_std,final_survival_mean,final_survival_std
3,-12,-0.1,0.001,300,30,1.216817404666421,301.0,0.0,0.9822572915652129,0.010567639170637399
3,-12,-0.07,0.001,300,30,1.190483601187008,301.0,0.0,0.9826091520173591,0.010864932939863011
3,-12,-0.03,0.001,300,30,1.16820949040514,301.0,0.0,0.9778533197838716,0.01613666674818472
3,-12,0.0,0.001,300,30,1.1644569550340398,301.0,0.0,0.9734464280567089,0.01597213091302451
3,-12,0.03,0.001,300,30,1.1731945700472746,301.0,0.0,0.9747758511186686,0.014008217815824068
3,-12,0.07,0.001,300,30,1.2025629408612368,301.0,0.0,0.9852985102923285,0.007226555438661665
3,-12,0.1,0.001,300,30,1.2349108509908895,301.0,0.0,0.9864248672386654,0.009246486713626715
3,-10,-0.1,0.001,300,30,1.8836562149808236,301.0,0.0,0.9963905505965123,0.0029132021264714142
3,-10,-0.07,0.001,300,30,1.843764211219528,301.0,0.0,0.9951564234838719,0.004216570692475136
3,-10,-0.03,0.001,300,30,1.7986995971577835,301.0,0.0,0.9926372384812472,0.0073353852125265795
3,-10,0.0,0.001,300,30,1.7759218908799979,301.0,0.0,0.9902977215493746,0.010026861355055722
3,-10,0.03,0.001,300,30,1.7662481765845668,301.0,0.0,0.991119199405072,0.009945421225794896
3,-10,0.07,0.001,300,30,1.7700326464243097,301.0,0.0,0.9944906835354004,0.0035752131755453875
3,-10,0.1,0.001,300,30,1.7801841754863408,301.0,0.0,0.996321447640388,0.0026536320916176388
3,-8,-0.1,0.001,300,30,4.581188206317576,301.0,0.0,0.9984355465882884,0.0014410470534893392
3,-8,-0.07,0.001,300,30,4.503747923258593,301.0,0.0,0.9983269390214432,0.001496391869951669
3,-8,-0.03,0.001,300,30,4.419470507475414,301.0,0.0,0.9974143040386311,0.0024726652389279115
3,-8,0.0,0.001,300,30,4.375308282829125,301.0,0.0,0.9967786952040297,0.0037922498488531273
3,-8,0.03,0.001,300,30,4.3494956943355865,301.0,0.0,0.9968922885067644,0.0023140097221820677
3,-8,0.07,0.001,300,30,4.340414061359758,301.0,0.0,0.9982610611159899,0.0017411936838803198
3,-8,0.1,0.001,300,30,4.347724295815314,301.0,0.0,0.998197486255448,0.0016105870384513664
3,-6,-0.1,0.001,300,30,17.56177958662861,301.0,0.0,0.9998024902451106,0.0001232278589228705
3,-6,-0.07,0.001,300,30,17.377636152274153,301.0,0.0,0.999788231282729,0.0001587278968400488
3,-6,-0.03,0.001,300,30,17.15274502390327,301.0,0.0,0.999810395241535,0.00010874726021663297
3,-6,0.0,0.001,300,30,17.00025537991552,301.0,0.0,0.9997632802383326,0.00014908938273731757
3,-6,0.03,0.001,300,30,16.8621025075229,301.0,0.0,0.9997892317328849,0.00012197694418437932
3,-6,0.07,0.001,300,30,16.700658825255985,301.0,0.0,0.9997672408453323,0.00013496609237775771
3,-6,0.1,0.001,300,30,16.596778048561426,301.0,0.0,0.999752506933301,0.00014809219554277376
3,6,-0.1,0.001,300,30,17.56177958662861,301.0,0.0,0.9997982065965917,0.000106478560628658
3,6,-0.07,0.001,300,30,17.377636152274153,301.0,0.0,0.9998156255829845,0.0001118924904748155
3,6,-0.03,0.001,300,30,17.15274502390327,301.0,0.0,0.9997973607539614,0.00015645545778984914
3,6,0.0,0.001,300,30,17.00025537991552,301.0,0.0,0.999820385706356,0.00011137569149623222
3,6,0.03,0.001,300,30,16.8621025075229,301.0,0.0,0.9998085992235504,0.00011501946355863851
3,6,0.07,0.001,300,30,16.700658825255985,301.0,0.0,0.9997951870812468,0.0001447506866664742
3,6,0.1,0.001,300,30,16.596778048561426,301.0,0.0,0.999760091631224,0.0001428867408186501
3,8,-0.1,0.001,300,30,4.581188206317576,301.0,0.0,0.9986194034275787,0.0009714080361500217
3,8,-0.07,0.001,300,30,4.503747923258593,301.0,0.0,0.9979151099559114,0.0020253918898436507
3,8,-0.03,0.001,300,30,4.419470507475414,301.0,0.0,0.997604895124214,0.002636358289676588
3,8,0.0,0.001,300,30,4.375308282829125,301.0,0.0,0.997312459509986,0.0029768825269891716
3,8,0.03,0.001,300,30,4.3494956943355865,301.0,0.0,0.997021583229163,0.002633097757782853
3,8,0.07,0.001,300,30,4.340414061359758,301.0,0.0,0.998501743126337,0.0011842214841625836
3,8,0.1,0.001,300,30,4.347724295815314,301.0,0.0,0.99822967229344,0.0014228146839447512
3,10,-0.1,0.001,300,30,1.8836562149808236,301.0,0.0,0.9965397115403327,0.0022161126661461128
3,10,-0.07,0.001,300,30,1.843764211219528,301.0,0.0,0.9948531828145363,0.0037130079029498255
3,10,-0.03,0.001,300,30,1.7986995971577835,301.0,0.0,0.9895236031530621,0.014044948528143758
3,10,0.0,0.001,300,30,1.7759218908799979,301.0,0.0,0.9933959821592434,0.005144630230158332
3,10,0.03,0.001,300,30,1.7662481765845668,301.0,0.0,0.9923137188736404,0.00455023034728737
3,10,0.07,0.001,300,30,1.7700326464243097,301.0,0.0,0.9937255611379111,0.004699949220718339
3,10,0.1,0.001,300,30,1.7801841754863408,301.0,0.0,0.9961639456661231,0.002954526641187645
3,12,-0.1,0.001,300,30,1.216817404666421,301.0,0.0,0.9848664671548275,0.011031541916817912
3,12,-0.07,0.001,300,30,1.190483601187008,301.0,0.0,0.9764527951518789,0.013194411301088955
3,12,-0.03,0.001,300,30,1.16820949040514,301.0,0.0,0.9755070572904945,0.01602540845784078
3,12,0.0,0.001,300,30,1.1644569550340398,301.0,0.0,0.9694486126869106,0.02120081508839514
3,12,0.03,0.001,300,30,1.1731945700472746,301.0,0.0,0.9723877350316324,0.016033381651597827
3,12,0.07,0.001,300,30,1.2025629408612368,301.0,0.0,0.9822326699455107,0.011255377746341711
3,12,0.1,0.001,300,30,1.2349108509908895,301.0,0.0,0.9792163352325531,0.011137225368566176
4,-12,-0.1,0.001,300,30,1.255459009869577,301.0,0.0,0.9646149396168352,0.015837375371930414
4,-12,-0.07,0.001,300,30,1.238496629083364,301.0,0.0,0.9683611524643816,0.013159597841759036
4,-12,-0.03,0.001,300,30,1.2318231061884155,301.0,0.0,0.9080607041499927,0.09935086986160123
4,-12,0.0,0.001,300,30,1.2398636265399288,241.7,107.08941746658878,0.7152304227305913,0.16749866123692458
4,-12,0.03,0.001,300,30,1.2610087468530127,301.0,0.0,0.8865771025123201,0.11535982606692259
4,-12,0.07,0.001,300,30,1.308485924708494,301.0,0.0,0.9676848752437072,0.018744651277183343
4,-12,0.1,0.001,300,30,1.3556343113136478,301.0,0.0,0.9773342621530717,0.013672662977234054
4,-10,-0.1,0.001,300,30,2.389589714926075,301.0,0.0,0.9693734781532591,0.028222502612463472
4,-10,-0.07,0.001,300,30,2.3260306086376024,301.0,0.0,0.9605238641533926,0.05071285142196412
4,-10,-0.03,0.001,300,30,2.257509793983658,301.0,0.0,0.9449492932833896,0.057669088201834834
4,-10,0.0,0.001,300,30,2.2256715595117122,301.0,0.0,0.9539482865893347,0.029027607368421755
4,-10,0.03,0.001,300,30,2.2124126646977476,301.0,0.0,0.9703962958584877,0.017950335870533653
4,-10,0.07,0.001,300,30,2.214985590105736,301.0,0.0,0.9849369152858592,0.009626699975857357
4,-10,0.1,0.001,300,30,2.225655198063771,301.0,0.0,0.9894326008171297,0.006637211850475977
4,-8,-0.1,0.001,300,30,9.191941153993607,301.0,0.0,0.9983902163788048,0.0013995914485369775
4,-8,-0.07,0.001,300,30,8.974738320768306,301.0,0.0,0.9973516719078249,0.0025896546824157787
4,-8,-0.03,0.001,300,30,8.731422235244054,301.0,0.0,0.993727472377564,0.005599710633910187
4,-8,0.0,0.001,300,30,8.61395373772671,301.0,0.0,0.9953252627108397,0.0038231209839696533
4,-8,0.03,0.001,300,30,8.568738500641954,301.0,0.0,0.9953970494186257,0.003587351043776855
4,-8,0.07,0.001,300,30,8.585531656909984,301.0,0.0,0.9976163084994752,0.001655665098659798
4,-8,0.1,0.001,300,30,8.626893301065452,301.0,0.0,0.9980156858775295,0.0010956536368174714
4,-6,-0.1,0.001,300,30,49.77115126422097,301.0,0.0,0.9994213238308375,0.00024117376500138767
4,-6,-0.07,0.001,300,30,48.93615312153829,301.0,0.0,0.9993938609535322,0.0002666138960636661
4,-6,-0.03,0.001,300,30,48.01384793240561,301.0,0.0,0.9993078659742165,0.0005135724174677227
4,-6,0.0,0.001,300,30,47.484815616197324,301.0,0.0,0.9991812542713363,0.000680198664172326
4,-6,0.03,0.001,300,30,47.10100408344988,301.0,0.0,0.9992013845902121,0.0005677795033432663
4,-6,0.07,0.001,300,30,46.801010052971584,301.0,0.0,0.9993133498615936,0.00040714833282515125
4,-6,0.1,0.001,300,30,46.712778847826605,301.0,0.0,0.9992791435268208,0.0005127895916969122
4,6,-0.1,0.001,300,30,49.77115126422097,301.0,0.0,0.9993201710835061,0.00045688541028281274
4,6,-0.07,0.001,300,30,48.93615312153829,301.0,0.0,0.9991030582794043,0.0006338300503064909
4,6,-0.03,0.001,300,30,48.01384793240561,301.0,0.0,0.9991969603674586,0.0005601452392749301
4,6,0.0,0.001,300,30,47.484815616197324,301.0,0.0,0.9993730100203825,0.0003644660738408661
4,6,0.03,0.001,300,30,47.10100408344988,301.0,0.0,0.9993979376937092,0.0003335934377953104
4,6,0.07,0.001,300,30,46.801010052971584,301.0,0.0,0.9992851997339292,0.00044165986473867195
4,6,0.1,0.001,300,30,46.712778847826605,301.0,0.0,0.9995735664623777,0.00025337049212843896
4,8,-0.1,0.001,300,30,9.191941153993607,301.0,0.0,0.9980237081633601,0.0016057721917277718
4,8,-0.07,0.001,300,30,8.974738320768306,301.0,0.0,0.9977516243052296,0.001814652915400914
4,8,-0.03,0.001,300,30,8.731422235244054,301.0,0.0,0.9958600465040984,0.002733205605524332
4,8,0.0,0.001,300,30,8.61395373772671,301.0,0.0,0.994371238381982,0.00411461248640624
4,8,0.03,0.001,300,30,8.568738500641954,301.0,0.0,0.9962283189320243,0.0026511019123610377
4,8,0.07,0.001,300,30,8.585531656909984,301.0,0.0,0.9976959469564569,0.0015417234763751822
4,8,0.1,0.001,300,30,8.626893301065452,301.0,0.0,0.9977133292649474,0.001524489581427884
4,10,-0.1,0.001,300,30,2.389589714926075,301.0,0.0,0.9753221117851295,0.01748065371916637
4,10,-0.07,0.001,300,30,2.3260306086376024,301.0,0.0,0.9469293641486157,0.0710363609095821
4,10,-0.03,0.001,300,30,2.257509793983658,301.0,0.0,0.9337341487383276,0.07582799921604631
4,10,0.0,0.001,300,30,2.2256715595117122,301.0,0.0,0.9610008567622518,0.028749486592186648
4,10,0.03,0.001,300,30,2.2124126646977476,301.0,0.0,0.9762078099836071,0.014070346240414876
4,10,0.07,0.001,300,30,2.214985590105736,301.0,0.0,0.9856063042109671,0.009175215702451655
4,10,0.1,0.001,300,30,2.225655198063771,301.0,0.0,0.9904303582615029,0.005647485259498792
4,12,-0.1,0.001,300,30,1.255459009869577,301.0,0.0,0.9725448432065033,0.013803770092683356
4,12,-0.07,0.001,300,30,1.238496629083364,301.0,0.0,0.9693741749421202,0.020242736905974067
4,12,-0.03,0.001,300,30,1.2318231061884155,299.3,9.154780172128657,0.9034073508459656,0.12090974314016122
4,12,0.0,0.001,300,30,1.2398636265399288,267.1,74.07804443063185,0.6929810610328045,0.15928433015901933
4,12,0.03,0.001,300,30,1.2610087468530127,300.26666666666665,3.9491208585653035,0.8516687340231864,0.1475991275405918
4,12,0.07,0.001,300,30,1.308485924708494,301.0,0.0,0.9608040420282057,0.035589847743835105
4,12,0.1,0.001,300,30,1.3556343113136478,301.0,0.0,0.9732715146334748,0.018218463083480796
5,-12,-0.1,0.001,300,30,1.2591347274050626,301.0,0.0,0.9286365634385285,0.05174200720407601
5,-12,-0.07,0.001,300,30,1.2418937637299214,301.0,0.0,0.9319749439330007,0.04102393353880725
5,-12,-0.03,0.001,300,30,1.2333019343001035,301.0,0.0,0.8122092836357896,0.12390333758943063
5,-12,0.0,0.001,300,30,1.24070249786164,286.3333333333333,51.0981626110198,0.5744858552906098,0.11690313808121755
5,-12,0.03,0.001,300,30,1.263324391262861,290.5,39.29779467943038,0.7610857857728305,0.13625174340060595
5,-12,0.07,0.001,300,30,1.3170850029357548,301.0,0.0,0.8741045254440415,0.10474540316024565
5,-12,0.1,0.001,300,30,1.3716416680570218,301.0,0.0,0.9048580761907649,0.07503608536401203
5,-10,-0.1,0.001,300,30,3.2585953775082026,301.0,0.0,0.9710077373159115,0.018363265100676582
5,-10,-0.07,0.001,300,30,3.1565632423479104,301.0,0.0,0.9410104064437211,0.051510176172374564
5,-10,-0.03,0.001,300,30,3.058622576973769,301.0,0.0,0.9124436104117835,0.06491294171026618
5,-10,0.0,0.001,300,30,3.033249914514669,301.0,0.0,0.9378952409488598,0.05399443948775028
5,-10,0.03,0.001,300,30,3.0236486577114556,301.0,0.0,0.9455188208872963,0.027266005270714655
5,-10,0.07,0.001,300,30,3.022030277352075,301.0,0.0,0.9565617405597475,0.026110387319768245
5,-10,0.1,0.001,300,30,3.0270945348068086,301.0,0.0,0.9629402270208066,0.029578934828382943
5,-8,-0.1,0.001,300,30,21.03901502266123,301.0,0.0,0.9877278547699145,0.008118663261529047
5,-8,-0.07,0.001,300,30,20.47050179558629,301.0,0.0,0.9870729773319875,0.008297975162098594
5,-8,-0.03,0.001,300,30,19.876126523556774,301.0,0.0,0.9720194897552346,0.025858951132406157
5,-8,0.0,0.001,300,30,19.62107181459661,301.0,0.0,0.9415573130805637,0.06930467351354896
5,-8,0.03,0.001,300,30,19.523849205060937,301.0,0.0,0.9759821470739708,0.018547517677742566
5,-8,0.07,0.001,300,30,19.546270618483465,301.0,0.0,0.9908949984377564,0.005069519325602754
5,-8,0.1,0.001,300,30,19.62669462334239,301.0,0.0,0.9933611527228864,0.00436011476187311
5,-6,-0.1,0.001,300,30,130.80306204037865,301.0,0.0,0.9993209331368003,0.000660146501734336
5,-6,-0.07,0.001,300,30,127.42048651044361,301.0,0.0,0.9993576072408056,0.00042894544355946793
5,-6,-0.03,0.001,300,30,123.64454878243569,301.0,0.0,0.9983772122963589,0.0016933797398526282
5,-6,0.0,0.001,300,30,121.658978501674,301.0,0.0,0.9987739019279209,0.0009577046211097389
5,-6,0.03,0.001,300,30,120.48090401739432,301.0,0.0,0.998567436299566,0.0009305163624325086
5,-6,0.07,0.001,300,30,119.80129681045281,301.0,0.0,0.9992497630236881,0.0004962915998062875
5,-6,0.1,0.001,300,30,119.66270637966973,301.0,0.0,0.9994121683230219,0.0003756013725745991
5,6,-0.1,0.001,300,30,130.80306204037865,301.0,0.0,0.9991540427017538,0.0008545581862879374
5,6,-0.07,0.001,300,30,127.42048651044361,301.0,0.0,0.9985462267737976,0.0013397239659910952
5,6,-0.03,0.001,300,30,123.64454878243569,301.0,0.0,0.9984489281139136,0.00107742308747328
5,6,0.0,0.001,300,30,121.658978501674,301.0,0.0,0.9984071627034155,0.0014373038821558185
5,6,0.03,0.001,300,30,120.48090401739432,301.0,0.0,0.9983808981025687,0.0015243886656794417
5,6,0.07,0.001,300,30,119.80129681045281,301.0,0.0,0.999116520928086,0.0005541352113635772
5,6,0.1,0.001,300,30,119.66270637966973,301.0,0.0,0.9994661306531581,0.00029801216731354177
5,8,-0.1,0.001,300,30,21.03901502266123,301.0,0.0,0.9903072346361095,0.010801274994159797
5,8,-0.07,0.001,300,30,20.47050179558629,301.0,0.0,0.985466693893103,0.01014072542470418
5,8,-0.03,0.001,300,30,19.876126523556774,301.0,0.0,0.9750409465812491,0.01920896927666451
5,8,0.0,0.001,300,30,19.62107181459661,299.4,8.616263691415206,0.9195826885672906,0.12898238169444554
5,8,0.03,0.001,300,30,19.523849205060937,301.0,0.0,0.9668888255488348,0.037866818903566246
5,8,0.07,0.001,300,30,19.546270618483465,301.0,0.0,0.9922335506915637,0.00402190313697459
5,8,0.1,0.001,300,30,19.62669462334239,301.0,0.0,0.9952405833980396,0.0031676956399353446
5,10,-0.1,0.001,300,30,3.2585953775082026,301.0,0.0,0.9716158471733997,0.014980324225648923
5,10,-0.07,0.001,300,30,3.1565632423479104,301.0,0.0,0.9558053053260268,0.036423938313356205
5,10,-0.03,0.001,300,30,3.058622576973769,299.1,10.23181313355556,0.8536927825114159,0.1375715863569023
5,10,0.0,0.001,300,30,3.033249914514669,301.0,0.0,0.9385456037828995,0.043921013211223256
5,10,0.03,0.001,300,30,3.0236486577114556,301.0,0.0,0.94041515103716,0.03911899929170075
5,10,0.07,0.001,300,30,3.022030277352075,301.0,0.0,0.9622425000573825,0.02648667838623776
5,10,0.1,0.001,300,30,3.0270945348068086,301.0,0.0,0.9719631609126638,0.019375915091684025
5,12,-0.1,0.001,300,30,1.2591347274050626,301.0,0.0,0.9329988186387513,0.04266884041306263
5,12,-0.07,0.001,300,30,1.2418937637299214,301.0,0.0,0.9369630744869565,0.036468962382260446
5,12,-0.03,0.001,300,30,1.2333019343001035,301.0,0.0,0.8520716051064509,0.09398332761308589
5,12,0.0,0.001,300,30,1.24070249786164,261.5,86.51425701389724,0.5778949034775049,0.1315794563288671
5,12,0.03,0.001,300,30,1.263324391262861,279.56666666666666,57.37286427881701,0.7575018023986562,0.17837673590903558
5,12,0.07,0.001,300,30,1.3170850029357548,294.8666666666667,33.029010817091624,0.8495756610719226,0.11246108277339584
5,12,0.1,0.001,300,30,1.3716416680570218,301.0,0.0,0.8860717869653734,0.10284437922501141
6,-12,-0.1,0.001,300,30,1.2867071197399955,301.0,0.0,0.9004034945398112,0.10601434546338727
6,-12,-0.07,0.001,300,30,1.2546353150010547,301.0,0.0,0.884006612480969,0.09347863159282006
6,-12,-0.03,0.001,300,30,1.2376146550742364,301.0,0.0,0.922516459053853,0.045676305404843305
6,-12,0.0,0.001,300,30,1.2445941010605166,301.0,0.0,0.8372214686138876,0.08863788008385243
6,-12,0.03,0.001,300,30,1.2726682007092591,301.0,0.0,0.9353860620841759,0.038990677084845195
6,-12,0.07,0.001,300,30,1.334918089538806,301.0,0.0,0.9676166027227796,0.01419542975552702
6,-12,0.1,0.001,300,30,1.3944320612228978,301.0,0.0,0.9687036182947858,0.01287793781436892
6,-10,-0.1,0.001,300,30,4.268563948507315,301.0,0.0,0.9843027986721922,0.007707656061436983
6,-10,-0.07,0.001,300,30,4.122915386099744,301.0,0.0,0.9704097342332785,0.013695310883863965
6,-10,-0.03,0.001,300,30,3.9586494764298,301.0,0.0,0.8922546965633703,0.07453515433763193
6,-10,0.0,0.001,300,30,3.8975985289878046,301.0,0.0,0.8935894010146463,0.057079000334421946
6,-10,0.03,0.001,300,30,3.892086489784478,301.0,0.0,0.9216992109858493,0.05153867857992305
6,-10,0.07,0.001,300,30,3.912330017649822,301.0,0.0,0.960542398566498,0.029694502996320635
6,-10,0.1,0.001,300,30,3.9351724392376854,301.0,0.0,0.9738212886699225,0.017250211557586423
6,-8,-0.1,0.001,300,30,35.62441032145169,301.0,0.0,0.9941332670697864,0.0033120855833293048
6,-8,-0.07,0.001,300,30,34.43943245322543,301.0,0.0,0.9879692022965164,0.008766967899805796
6,-8,-0.03,0.001,300,30,33.14703238087273,301.0,0.0,0.9511561924459231,0.0428354484037486
6,-8,0.0,0.001,300,30,32.779939750089014,301.0,0.0,0.9565693704599532,0.03947465502181406
6,-8,0.03,0.001,300,30,32.67057005498297,301.0,0.0,0.981258376563596,0.011366857449483908
6,-8,0.07,0.001,300,30,32.65201501106087,301.0,0.0,0.9830881236984299,0.015345093174354524
6,-8,0.1,0.001,300,30,32.71239156986734,301.0,0.0,0.9855832734713935,0.009105735869766658
6,-6,-0.1,0.001,300,30,149.49038680013993,301.0,0.0,0.9987590518717717,0.0006596282658784062
6,-6,-0.07,0.001,300,30,144.81716912686832,301.0,0.0,0.9985319163354442,0.0007221318755201818
6,-6,-0.03,0.001,300,30,139.6318342185861,301.0,0.0,0.997925925889456,0.0012143825430790168
6,-6,0.0,0.001,300,30,136.98583803869525,301.0,0.0,0.9978581583217202,0.0013643757985152528
6,-6,0.03,0.001,300,30,135.45931566503225,301.0,0.0,0.9979416380725684,0.0014950694716747998
6,-6,0.07,0.001,300,30,134.49163757988896,301.0,0.0,0.9989632650396785,0.0005112896485127956
6,-6,0.1,0.001,300,30,134.16336171347334,301.0,0.0,0.9984723813777713,0.0009376316001899874
6,6,-0.1,0.001,300,30,149.49038680013993,301.0,0.0,0.9989170432539998,0.0006327926114882134
6,6,-0.07,0.001,300,30,144.81716912686832,301.0,0.0,0.9983685114466662,0.0010483716074838952
6,6,-0.03,0.001,300,30,139.6318342185861,301.0,0.0,0.9980186363523847,0.0014301646187157575
6,6,0.0,0.001,300,30,136.98583803869525,301.0,0.0,0.9974791541269183,0.0017485059379062425
6,6,0.03,0.001,300,30,135.45931566503225,301.0,0.0,0.9977042252620254,0.0016848628205130675
6,6,0.07,0.001,300,30,134.49163757988896,301.0,0.0,0.9982457114692412,0.0008864750596723034
6,6,0.1,0.001,300,30,134.16336171347334,301.0,0.0,0.9987423720284844,0.0005867280922484257
6,8,-0.1,0.001,300,30,35.62441032145169,301.0,0.0,0.9930749114827244,0.0037018534969797618
6,8,-0.07,0.001,300,30,34.43943245322543,301.0,0.0,0.9891263437557473,0.007690877592753151
6,8,-0.03,0.001,300,30,33.14703238087273,301.0,0.0,0.9236340422234487,0.08012927925265856
6,8,0.0,0.001,300,30,32.779939750089014,301.0,0.0,0.968010548029142,0.02198191357099425
6,8,0.03,0.001,300,30,32.67057005498297,301.0,0.0,0.9832317777082268,0.012363392387434736
6,8,0.07,0.001,300,30,32.65201501106087,301.0,0.0,0.9828130817966432,0.012877657512306167
6,8,0.1,0.001,300,30,32.71239156986734,301.0,0.0,0.9796213876482475,0.024150324953846263
6,10,-0.1,0.001,300,30,4.268563948507315,301.0,0.0,0.9808538972286229,0.010574638539981434
6,10,-0.07,0.001,300,30,4.122915386099744,301.0,0.0,0.9748189911216449,0.012911057733001684
6,10,-0.03,0.001,300,30,3.9586494764298,301.0,0.0,0.9245424757206125,0.04845525517420152
6,10,0.0,0.001,300,30,3.8975985289878046,301.0,0.0,0.8971015461544274,0.0610991095553267
6,10,0.03,0.001,300,30,3.892086489784478,301.0,0.0,0.9296987398522414,0.04846404923082756
6,10,0.07,0.001,300,30,3.912330017649822,301.0,0.0,0.967004460993606,0.02805089922251436
6,10,0.1,0.001,300,30,3.9351724392376854,301.0,0.0,0.9742227023985295,0.02337505400459553
6,12,-0.1,0.001,300,30,1.2867071197399955,301.0,0.0,0.9358698333894292,0.04757465920292989
6,12,-0.07,0.001,300,30,1.2546353150010547,301.0,0.0,0.9138119977524627,0.062336111910654475
6,12,-0.03,0.001,300,30,1.2376146550742364,301.0,0.0,0.9284049240729413,0.03624131862955569
6,12,0.0,0.001,300,30,1.2445941010605166,301.0,0.0,0.8359311198152789,0.09359171702363078
6,12,0.03,0.001,300,30,1.2726682007092591,301.0,0.0,0.9118383302026328,0.048697751276788756
6,12,0.07,0.001,300,30,1.334918089538806,301.0,0.0,0.9577942689055122,0.02199490330058152
6,12,0.1,0.001,300,30,1.3944320612228978,301.0,0.0,0.9669941966910224,0.012675451276690551
7,-12,-0.1,0.001,300,30,1.2961410767607,301.0,0.0,0.9266380965353181,0.052061912448792
7,-12,-0.07,0.001,300,30,1.256748856266263,297.8666666666667,16.873516395688114,0.8585977384268518,0.14173836075916163
7,-12,-0.03,0.001,300,30,1.2385839083154386,301.0,0.0,0.833500818663705,0.08480928750842491
7,-12,0.0,0.001,300,30,1.2457608224165608,301.0,0.0,0.8049391931964828,0.08246454716316264
7,-12,0.03,0.001,300,30,1.2743134240750322,301.0,0.0,0.8932715014168463,0.07856937755918801
7,-12,0.07,0.001,300,30,1.338296705701478,301.0,0.0,0.9565387385693591,0.023430860660395438
7,-12,0.1,0.001,300,30,1.399959682900683,301.0,0.0,0.9629426598256945,0.015296159714964121
7,-10,-0.1,0.001,300,30,6.125325931923946,301.0,0.0,0.9591724521162501,0.04800446249445989
7,-10,-0.07,0.001,300,30,5.941602398202475,301.0,0.0,0.9706290663953346,0.015955926358029435
7,-10,-0.03,0.001,300,30,5.746877840599791,301.0,0.0,0.9570437313148799,0.024512585517436215
7,-10,0.0,0.001,300,30,5.649823680276179,301.0,0.0,0.9386012808318885,0.0458221699310667
7,-10,0.03,0.001,300,30,5.5990350038367,301.0,0.0,0.962460485992927,0.013952664090424307
7,-10,0.07,0.001,300,30,5.587602261580803,301.0,0.0,0.9732454279775868,0.011983006484483718
7,-10,0.1,0.001,300,30,5.603382630399723,301.0,0.0,0.9801701336635827,0.011109808730089703
7,-8,-0.1,0.001,300,30,65.1869709679327,301.0,0.0,0.9878929987490338,0.007382218383879087
7,-8,-0.07,0.001,300,30,62.8311175495716,301.0,0.0,0.9831445033009687,0.008226641903001366
7,-8,-0.03,0.001,300,30,60.02315497226101,301.0,0.0,0.9426769574542598,0.034132908128100464
7,-8,0.0,0.001,300,30,58.607263779791914,299.43333333333334,8.436758197844057,0.7852911566067358,0.15283762648204569
7,-8,0.03,0.001,300,30,58.51342633745621,301.0,0.0,0.9533120738759415,0.03107568982176627
7,-8,0.07,0.001,300,30,58.63675450139094,301.0,0.0,0.9796152001551159,0.01727394510383643
7,-8,0.1,0.001,300,30,58.80311266757384,301.0,0.0,0.9893287086942267,0.00878836925834429
7,-6,-0.1,0.001,300,30,171.25271853239823,301.0,0.0,0.9962181856981985,0.00269790813651295
7,-6,-0.07,0.001,300,30,165.02078312492938,301.0,0.0,0.9961112719240965,0.0027145705298595975
7,-6,-0.03,0.001,300,30,158.23823973857304,301.0,0.0,0.9928381404168776,0.005010980512662462
7,-6,0.0,0.001,300,30,155.13857974309173,301.0,0.0,0.9845516354988259,0.008959315645528302
7,-6,0.03,0.001,300,30,153.4784763340595,301.0,0.0,0.993467816960237,0.003918608722993657
7,-6,0.07,0.001,300,30,152.34317808727764,301.0,0.0,0.9963138557977154,0.002071692524030281
7,-6,0.1,0.001,300,30,151.88433769803032,301.0,0.0,0.9979060440669386,0.0013973014035496803
7,6,-0.1,0.001,300,30,171.25271853239823,301.0,0.0,0.9965140705666061,0.0031055025288573303
7,6,-0.07,0.001,300,30,165.02078312492938,301.0,0.0,0.9951719062849216,0.003878177554545782
7,6,-0.03,0.001,300,30,158.23823973857304,301.0,0.0,0.9906033856727251,0.008004909563359409
7,6,0.0,0.001,300,30,155.13857974309173,301.0,0.0,0.9840889436781767,0.01473203913714177
7,6,0.03,0.001,300,30,153.4784763340595,301.0,0.0,0.9917492142516392,0.005535311383607147
7,6,0.07,0.001,300,30,152.34317808727764,301.0,0.0,0.9965777906887813,0.002259464619850462
7,6,0.1,0.001,300,30,151.88433769803032,301.0,0.0,0.9977544410076162,0.0012898578813045698
7,8,-0.1,0.001,300,30,65.1869709679327,301.0,0.0,0.9882327731706649,0.006212765669021958
7,8,-0.07,0.001,300,30,62.8311175495716,301.0,0.0,0.9806267154979139,0.01124608564460562
7,8,-0.03,0.001,300,30,60.02315497226101,301.0,0.0,0.9432257295010494,0.04081126348689414
7,8,0.0,0.001,300,30,58.607263779791914,292.6666666666667,44.87637339278754,0.8118124362781491,0.14950529564206608
7,8,0.03,0.001,300,30,58.51342633745621,301.0,0.0,0.9607535859866166,0.026800669366791263
7,8,0.07,0.001,300,30,58.63675450139094,301.0,0.0,0.9836285447846826,0.01124015292438102
7,8,0.1,0.001,300,30,58.80311266757384,301.0,0.0,0.9895726184652628,0.007684031892376268
7,10,-0.1,0.001,300,30,6.125325931923946,301.0,0.0,0.9659792159261273,0.016838423134176942
7,10,-0.07,0.001,300,30,5.941602398202475,301.0,0.0,0.9728752540197736,0.016788419109161755
7,10,-0.03,0.001,300,30,5.746877840599791,301.0,0.0,0.9609312049246806,0.017228593933032464
7,10,0.0,0.001,300,30,5.649823680276179,301.0,0.0,0.9517626471454345,0.024280446973695354
7,10,0.03,0.001,300,30,5.5990350038367,301.0,0.0,0.9644255531167386,0.014080543946875902
7,10,0.07,0.001,300,30,5.587602261580803,301.0,0.0,0.9726382671528296,0.013380575648406565
7,10,0.1,0.001,300,30,5.603382630399723,301.0,0.0,0.9760999576810258,0.011323406213376307
7,12,-0.1,0.001,300,30,1.2961410767607,301.0,0.0,0.9312957048129661,0.07685661491216551
7,12,-0.07,0.001,300,30,1.256748856266263,301.0,0.0,0.906803441785812,0.04415969119165673
7,12,-0.03,0.001,300,30,1.2385839083154386,301.0,0.0,0.8553711736823668,0.07388513819719504
7,12,0.0,0.001,300,30,1.2457608224165608,301.0,0.0,0.8147835659338765,0.07482972963866381
7,12,0.03,0.001,300,30,1.2743134240750322,301.0,0.0,0.9091335447699972,0.04977825914063513
7,12,0.07,0.001,300,30,1.338296705701478,301.0,0.0,0.944530780763721,0.02386109867086671
7,12,0.1,0.001,300,30,1.399959682900683,301.0,0.0,0.954388830332669,0.02684875768603466
8,-12,-0.1,0.001,300,30,1.329865749361696,301.0,0.0,0.9536435494225178,0.02254740987213258
8,-12,-0.07,0.001,300,30,1.2914134497865764,301.0,0.0,0.932668785316946,0.05080117351313582
8,-12,-0.03,0.001,300,30,1.276469511516137,301.0,0.0,0.9397086336541113,0.023587650540239
8,-12,0.0,0.001,300,30,1.2875668392046495,301.0,0.0,0.939274304849542,0.029935695351928325
8,-12,0.03,0.001,300,30,1.3168105854547543,301.0,0.0,0.9460284975513282,0.020214547604535196
8,-12,0.07,0.001,300,30,1.3791324437489694,301.0,0.0,0.9481136110219988,0.029503730702426685
8,-12,0.1,0.001,300,30,1.4391823286198266,301.0,0.0,0.9119414974402403,0.07225450341884512
8,-10,-0.1,0.001,300,30,8.051563868601093,301.0,0.0,0.981614568323721,0.005855721406718474
8,-10,-0.07,0.001,300,30,7.7846527968913,301.0,0.0,0.9713479485356825,0.013988603007051502
8,-10,-0.03,0.001,300,30,7.497562765709147,301.0,0.0,0.9206849827503899,0.05650173110090621
8,-10,0.0,0.001,300,30,7.360859565716095,301.0,0.0,0.9102067146169798,0.05635707140631938
8,-10,0.03,0.001,300,30,7.297396588743,301.0,0.0,0.9524409680475955,0.02210794901515336
8,-10,0.07,0.001,300,30,7.287544361003495,301.0,0.0,0.9637075977733703,0.01426565588862668
8,-10,0.1,0.001,300,30,7.308555811281832,301.0,0.0,0.9685137855869023,0.018432033909938337
8,-8,-0.1,0.001,300,30,77.0383844739618,301.0,0.0,0.9914960192547249,0.0044509927381088865
8,-8,-0.07,0.001,300,30,74.18716448390278,301.0,0.0,0.9871808133670117,0.005714873955882205
8,-8,-0.03,0.001,300,30,70.89778608403914,301.0,0.0,0.9788598453635726,0.009279987825862302
8,-8,0.0,0.001,300,30,69.18806258589042,301.0,0.0,0.9666404170687541,0.01723720766731054
8,-8,0.03,0.001,300,30,68.54951205011372,301.0,0.0,0.9731412553436317,0.014455473347514167
8,-8,0.07,0.001,300,30,68.45037802669232,301.0,0.0,0.9848039643185406,0.004865773873699304
8,-8,0.1,0.001,300,30,68.53154730101895,301.0,0.0,0.9893483752071961,0.007499380194653477
8,-6,-0.1,0.001,300,30,180.8283280589511,301.0,0.0,0.9979014307375283,0.0012075082710535608
8,-6,-0.07,0.001,300,30,173.8785907705423,301.0,0.0,0.9954192962079301,0.003326910453872408
8,-6,-0.03,0.001,300,30,165.58699361257513,301.0,0.0,0.9856151641454949,0.012030838460805101
8,-6,0.0,0.001,300,30,161.84326180874137,301.0,0.0,0.9679849967148267,0.02256718104074082
8,-6,0.03,0.001,300,30,160.81846402907615,301.0,0.0,0.9893516941377882,0.00809468314057606
8,-6,0.07,0.001,300,30,160.31084160357673,301.0,0.0,0.9950822659744255,0.004702578524882253
8,-6,0.1,0.001,300,30,160.20281181876862,301.0,0.0,0.9961775629671447,0.0025568717763152092
8,6,-0.1,0.001,300,30,180.8283280589511,301.0,0.0,0.9975492785329005,0.0017444760653208583
8,6,-0.07,0.001,300,30,173.8785907705423,301.0,0.0,0.996510105430665,0.0018494081351810722
8,6,-0.03,0.001,300,30,165.58699361257513,301.0,0.0,0.984888561800373,0.012692737076619692
8,6,0.0,0.001,300,30,161.84326180874137,301.0,0.0,0.9641189849947721,0.04456673332721009
8,6,0.03,0.001,300,30,160.81846402907615,301.0,0.0,0.9892247810910849,0.0070680132120844
8,6,0.07,0.001,300,30,160.31084160357673,301.0,0.0,0.9950078320234496,0.003367571553897492
8,6,0.1,0.001,300,30,160.20281181876862,301.0,0.0,0.9962430225386442,0.00218159765660586
8,8,-0.1,0.001,300,30,77.0383844739618,301.0,0.0,0.9925085244949607,0.002710323163684498
8,8,-0.07,0.001,300,30,74.18716448390278,301.0,0.0,0.9883945179311352,0.00522398634940494
8,8,-0.03,0.001,300,30,70.89778608403914,301.0,0.0,0.9801661636522118,0.010720866299610604
8,8,0.0,0.001,300,30,69.18806258589042,301.0,0.0,0.9542271653082061,0.030885143984804103
8,8,0.03,0.001,300,30,68.54951205011372,301.0,0.0,0.974560309633642,0.01673633031466601
8,8,0.07,0.001,300,30,68.45037802669232,301.0,0.0,0.9837139594380008,0.008096302656980192
8,8,0.1,0.001,300,30,68.53154730101895,301.0,0.0,0.9897765689151925,0.005397759353646025
8,10,-0.1,0.001,300,30,8.051563868601093,301.0,0.0,0.9839997295357069,0.006878923606416083
8,10,-0.07,0.001,300,30,7.7846527968913,301.0,0.0,0.9713920497697276,0.010682994751721093
8,10,-0.03,0.001,300,30,7.497562765709147,301.0,0.0,0.9085716015591928,0.06358401089496632
8,10,0.0,0.001,300,30,7.360859565716095,301.0,0.0,0.9278436452717327,0.039213926388838645
8,10,0.03,0.001,300,30,7.297396588743,301.0,0.0,0.953722901304308,0.020845198885722224
8,10,0.07,0.001,300,30,7.287544361003495,301.0,0.0,0.9638812341151861,0.016165555860092516
8,10,0.1,0.001,300,30,7.308555811281832,301.0,0.0,0.9656061147069195,0.017957071924645657
8,12,-0.1,0.001,300,30,1.329865749361696,301.0,0.0,0.9516870959362074,0.019249710332754886
8,12,-0.07,0.001,300,30,1.2914134497865764,301.0,0.0,0.9466855878669608,0.019920515403142568
8,12,-0.03,0.001,300,30,1.276469511516137,301.0,0.0,0.9373460666279468,0.023720305938769677
8,12,0.0,0.001,300,30,1.2875668392046495,301.0,0.0,0.9401953862313914,0.024261564057305587
8,12,0.03,0.001,300,30,1.3168105854547543,301.0,0.0,0.9383226345144494,0.027536039753449214
8,12,0.07,0.001,300,30,1.3791324437489694,301.0,0.0,0.9384405326687142,0.03275274596493829
8,12,0.1,0.001,300,30,1.4391823286198266,301.0,0.0,0.9161306082307493,0.06418582826876819
