kappa0,p,cabibbo,eps_cp,a23_r,a23_i,a13,theta12,theta23,theta13,J,absJ,unitarity_defect,raw_leakage,loss
0.42,2.4,0.23,0.015,0.42,0.16,0.27999999999999997,13.15293788760216,2.413782776002345,0.21236898451063774,2.8684130544198022e-05,2.8684130544198022e-05,4.0962300232268935e-16,0.0,0.10001062466593069
0.42,2.4,0.23,0.015,0.42,0.16,0.3,13.152942087584659,2.416381627212715,0.2171638600839156,3.07748513410748e-05,3.07748513410748e-05,2.63178191075543e-16,0.0,0.10576655942131828
0.42,2.4,0.23,0.015,0.4,0.17,0.26,13.152989927593469,2.395091954833524,0.21918353020028478,2.7639519310070082e-05,2.7639519310070082e-05,6.404128843552597e-16,0.0,0.1182127561907662
0.42,2.4,0.23,0.015,0.42,0.16,0.26,13.152934830207833,2.4111874675662177,0.20880929655029629,2.659339944479505e-05,2.659339944479505e-05,3.386124292698695e-16,0.0,0.1183782914853089
0.42,2.4,0.23,0.015,0.4,0.17,0.27999999999999997,13.152993819956741,2.3975300443884864,0.22349523494738927,2.981018764785029e-05,2.981018764785029e-05,4.3942477307312355e-16,0.0,0.12222474206131327
0.42,2.4,0.23,0.015,0.4,0.16,0.27999999999999997,13.153169420552048,2.341678233187766,0.21318647133273427,2.8413874251488613e-05,2.8413874251488613e-05,2.3110450260914677e-16,0.0,0.1382552251028879
0.42,2.4,0.23,0.015,0.4,0.16,0.3,13.153174315853276,2.3442100233755934,0.21874402716920543,3.0482816685214326e-05,3.0482816685214326e-05,1.8454662491373836e-16,0.0,0.14084584442206427
0.42,2.4,0.23,0.015,0.4,0.17,0.24,13.152987177820993,2.3926577735971617,0.21608565899682117,2.546884104260086e-05,2.546884104260086e-05,5.285985412235629e-16,0.0,0.14106884738660885
0.42,2.4,0.23,0.015,0.42,0.16,0.24,13.15293291540037,2.408595712906969,0.20654866830673024,2.450265879383462e-05,2.450265879383462e-05,3.5210092780624085e-16,0.0,0.15667758743021462
0.42,2.4,0.23,0.015,0.4,0.17,0.3,13.152998854912457,2.399972030774574,0.2289522054809969,3.19808452760896e-05,3.19808452760896e-05,3.624961176934561e-16,0.0,0.15760493009348028
0.42,2.4,0.23,0.015,0.4,0.16,0.26,13.1531656678588,2.3391502424319115,0.2088259708778812,2.6344921611187733e-05,2.6344921611187733e-05,2.4012921856450543e-16,0.0,0.16191448289851057
0.42,2.4,0.23,0.015,0.38,0.18,0.26,13.153023444808946,2.3856925808296023,0.23002636378028632,2.8682061825081873e-05,2.8682061825081873e-05,4.3203768341196224e-16,0.0,0.16207797230897542
0.42,2.4,0.23,0.015,0.38,0.18,0.24,13.153019860057968,2.3834244928436905,0.22617311193044976,2.643146176455058e-05,2.643146176455058e-05,3.5945054829489673e-16,0.0,0.16305223198149804
0.42,2.4,0.23,0.015,0.42,0.17,0.26,13.152759091691626,2.465495230480778,0.2191674105122525,2.78878569884497e-05,2.78878569884497e-05,4.634232678484829e-16,0.0,0.16305763014918645
0.42,2.4,0.23,0.015,0.42,0.17,0.27999999999999997,13.152762288765304,2.4680033954452947,0.22271536326361577,3.0080293519925416e-05,3.0080293519925416e-05,3.86341383661599e-16,0.0,0.17000364270707327
0.42,2.4,0.23,0.015,0.44,0.16,0.27999999999999997,13.15269553791823,2.487065159768226,0.21205778575641948,2.895251850939043e-05,2.895251850939043e-05,4.78653341313322e-16,0.0,0.1803458047210678
0.42,2.4,0.23,0.015,0.42,0.17,0.24,13.15275703718918,2.4629907210435436,0.21685679083079948,2.5695410439140198e-05,2.5695410439140198e-05,5.009992070113453e-16,0.0,0.1818310270885193
0.42,2.4,0.23,0.015,0.38,0.17,0.26,13.153209946469394,2.326052389511878,0.2196913601927844,2.7389323778416463e-05,2.7389323778416463e-05,7.174578586094416e-16,0.0,0.18295811950328084
0.42,2.4,0.23,0.015,0.38,0.17,0.27999999999999997,13.15321453415912,2.32841476949289,0.22475302516882426,2.9538211646831097e-05,2.9538211646831097e-05,3.47854367985731e-16,0.0,0.18527163736641422
0.42,2.4,0.23,0.015,0.4,0.18,0.24,13.152800538255894,2.4507078484187583,0.22643371926241615,2.6659751054793068e-05,2.6659751054793068e-05,3.0379971707233393e-16,0.0,0.1864743761076563
0.42,2.4,0.23,0.015,0.4,0.18,0.26,13.152803427709625,2.453054208617528,0.22954117900859927,2.8932121763549506e-05,2.8932121763549506e-05,2.9464282707770237e-16,0.0,0.18661652944049192
0.42,2.4,0.23,0.015,0.4,0.17,0.22,13.152985570638135,2.3902275121989005,0.21425427977452374,2.3298153625315315e-05,2.3298153625315315e-05,2.6689736855848936e-16,0.0,0.18733690949194667
0.42,2.4,0.23,0.015,0.44,0.16,0.3,13.1526990426208,2.489725917354242,0.2160720891062396,3.1065005587228856e-05,3.1065005587228856e-05,5.57236884404049e-16,0.0,0.190750112740781
0.42,2.4,0.23,0.015,0.44,0.16,0.26,13.152693175783291,2.484407709010499,0.20930875642063182,2.6840021033751327e-05,2.6840021033751327e-05,4.723317276254668e-16,0.0,0.1924693206530906
0.42,2.4,0.23,0.015,0.38,0.18,0.22,13.153017417898605,2.381160667708215,0.22350999163293467,2.4180852206259068e-05,2.4180852206259068e-05,3.552203728367548e-16,0.0,0.19384457357031298
0.42,2.4,0.23,0.015,0.38,0.18,0.27999999999999997,13.153028172153064,2.3879649199132147,0.23501121410474926,3.093265157909711e-05,3.093265157909711e-05,4.986507817582187e-16,0.0,0.19476341203204892
0.42,2.4,0.23,0.015,0.42,0.17,0.3,13.152766628411577,2.470515205236839,0.22744275173322978,3.2272719245971665e-05,3.2272719245971665e-05,4.114221399643817e-16,0.0,0.2064688988028107
0.42,2.4,0.23,0.015,0.4,0.16,0.24,13.153163057771938,2.3366260629994846,0.20573865244885958,2.4275959507519262e-05,2.4275959507519262e-05,1.2758328046339972e-16,0.0,0.20682739034945458
0.42,2.4,0.23,0.015,0.38,0.17,0.24,13.153206501389294,2.323694190692989,0.21581231799927736,2.5240426069137595e-05,2.5240426069137595e-05,5.044049696921791e-16,0.0,0.20916991118266745
0.42,2.4,0.23,0.015,0.42,0.16,0.22,13.152932143178953,2.4060075230632663,0.2056299485811336,2.241190934227505e-05,2.241190934227505e-05,2.738462042196506e-16,0.0,0.21209616587719096
0.42,2.4,0.23,0.015,0.4,0.18,0.22,13.152798791375194,2.4483654861002315,0.22453417923491578,2.4387370767230132e-05,2.4387370767230132e-05,3.980501766760762e-16,0.0,0.2153910521480315
0.42,2.4,0.23,0.015,0.4,0.18,0.27999999999999997,13.152807459737621,2.4554045556405275,0.23380840136801026,3.1204482077027557e-05,3.1204482077027557e-05,1.381397811387319e-16,0.0,0.2189781658648361
0.42,2.4,0.23,0.015,0.38,0.17,0.3,13.153220264460423,2.3307813183356085,0.2309195580770037,3.1687088902269955e-05,3.1687088902269955e-05,6.917084105457407e-16,0.0,0.2212135398898318
0.42,2.4,0.23,0.015,0.36,0.19,0.24,13.153030961978244,2.3809738797393174,0.23674065826686172,2.7390495734636033e-05,2.7390495734636033e-05,1.5744467240951787e-16,0.0,0.22304363677439853
0.42,2.4,0.23,0.015,0.42,0.17,0.22,13.152756125257087,2.4604898778653967,0.2158232488449747,2.3502954659599534e-05,2.3502954659599534e-05,5.500818297092181e-16,0.0,0.22371524144591842
0.42,2.4,0.23,0.015,0.44,0.16,0.24,13.152691956214966,2.4817535752457873,0.20787520474820262,2.4727513919010208e-05,2.4727513919010208e-05,5.331576722887564e-16,0.0,0.2238257285385449
0.42,2.4,0.23,0.015,0.36,0.19,0.22,13.153027684833349,2.3788837564847607,0.23332194463167996,2.505998198290907e-05,2.505998198290907e-05,3.866006505510396e-16,0.0,0.2324182645277032
0.42,2.4,0.23,0.015,0.38,0.19,0.24,13.152822459253192,2.445002625066529,0.2365336775864045,2.762051065969759e-05,2.762051065969759e-05,3.3429692791255354e-16,0.0,0.23725101262110573
0.42,2.4,0.23,0.015,0.36,0.18,0.26,13.15323264464928,2.3198790336980966,0.23097818147243543,2.843014234586022e-05,2.843014234586022e-05,1.8851130146235442e-16,0.0,0.23893934485042842
0.42,2.4,0.23,0.015,0.36,0.18,0.24,13.153228364566127,2.3176952348831716,0.22638934149725334,2.620132540266662e-05,2.620132540266662e-05,2.6928823305647585e-16,0.0,0.24001347004658202
0.42,2.4,0.23,0.015,0.38,0.19,0.22,13.152819877411192,2.44282621297917,0.23384205195378496,2.526822326341313e-05,2.526822326341313e-05,3.338030126251232e-16,0.0,0.24739308647947847
0.42,2.4,0.23,0.015,0.36,0.19,0.26,13.153035381715169,2.3830685879165343,0.24127461336191322,2.972099964194258e-05,2.972099964194258e-05,4.649982216269666e-16,0.0,0.24984859716329938
0.42,2.4,0.23,0.015,0.38,0.18,0.2,13.153016118329809,2.378901117202166,0.22207982224344527,2.193023395895971e-05,2.193023395895971e-05,3.492119432363938e-16,0.0,0.25164456071104935
0.42,2.4,0.23,0.015,0.4,0.17,0.2,13.15298510604421,2.3878011821902456,0.21372195266713986,2.1127457838093083e-05,2.1127457838093083e-05,3.4931802768081435e-16,0.0,0.2548797573747758
0.42,2.4,0.23,0.015,0.38,0.17,0.22,13.153204198917347,2.3213401853685705,0.2131804656106524,2.309151929111644e-05,2.309151929111644e-05,5.106768556085362e-16,0.0,0.25966935888423714
0.42,2.4,0.23,0.015,0.38,0.19,0.26,13.152826183669324,2.447183351117401,0.24036336469758499,2.9972788129904726e-05,2.9972788129904726e-05,4.589859996703076e-16,0.0,0.26221334299838567
0.42,2.4,0.23,0.015,0.38,0.18,0.3,13.153034042092337,2.3902414983681264,0.24105747175119885,3.318323021784739e-05,3.318323021784739e-05,3.6655360231047415e-16,0.0,0.2657151979032655
0.42,2.4,0.23,0.015,0.4,0.16,0.22,13.153161590290344,2.334105706819224,0.20398233397015492,2.2206988683725476e-05,2.2206988683725476e-05,8.012657502693558e-17,0.0,0.2691992017686392
0.42,2.4,0.23,0.015,0.4,0.18,0.2,13.152798187066779,2.4460271327450136,0.22387330824964896,2.211498171737769e-05,2.211498171737769e-05,3.5652049370442986e-16,0.0,0.271348257033663
0.42,2.4,0.23,0.015,0.36,0.18,0.22,13.153225227092442,2.315515982250567,0.22296555360692585,2.3972499043414808e-05,2.3972499043414808e-05,2.1815915125452055e-16,0.0,0.2721460161948845
0.42,2.4,0.23,0.015,0.44,0.16,0.22,13.152691879212728,2.479102768673275,0.20778435987532565,2.261499792388655e-05,2.261499792388655e-05,6.721578502129917e-16,0.0,0.2726277699536713
0.42,2.4,0.23,0.015,0.36,0.18,0.27999999999999997,13.153238067343715,2.3220673662506606,0.23666431328208853,3.065894907196623e-05,3.065894907196623e-05,1.4852699210248522e-16,0.0,0.27337083158693853
0.42,2.4,0.23,0.015,0.36,0.19,0.2,13.153025550279084,2.3767982298851056,0.23106797871170523,2.272945922441455e-05,2.272945922441455e-05,3.3326787590938083e-16,0.0,0.27472324190685415
0.42,2.4,0.23,0.015,0.42,0.16,0.2,13.15293251354324,2.403422909109842,0.2060710859121345,2.032115184109895e-05,2.032115184109895e-05,4.129499351254536e-16,0.0,0.28345573152052844
0.42,2.4,0.23,0.015,0.42,0.17,0.2,13.152756355894942,2.457992711709689,0.21608511024569038,2.1310490437447677e-05,2.1310490437447677e-05,3.91872003038535e-16,0.0,0.2875072680593951
0.42,2.4,0.23,0.015,0.4,0.18,0.3,13.152812634341599,2.4577588784588453,0.23917331844921047,3.3476831178717165e-05,3.3476831178717165e-05,2.8510765467598696e-16,0.0,0.2876328019305428
0.42,2.4,0.23,0.015,0.38,0.16,0.27999999999999997,13.153390136436192,2.2708637268645093,0.2145044966296877,2.814175424505766e-05,2.814175424505766e-05,2.621702186798428e-16,0.0,0.2894815354324892
0.42,2.4,0.23,0.015,0.38,0.19,0.2,13.15281843814222,2.4406541260199175,0.23232804607552437,2.2915926786441082e-05,2.2915926786441082e-05,2.531723276487004e-16,0.0,0.29004319558781977
0.42,2.4,0.23,0.015,0.38,0.16,0.3,13.153395727092462,2.273322793654465,0.22080214185702632,3.018890647553743e-05,3.018890647553743e-05,2.696618088181708e-16,0.0,0.2907258705749385
0.42,2.4,0.23,0.015,0.34,0.19,0.24,13.153228647198281,2.3186830152430136,0.23740243533732944,2.715863216437922e-05,2.715863216437922e-05,3.598997312539368e-16,0.0,0.3008616081456872
0.42,2.4,0.23,0.015,0.34,0.2,0.22,13.15301637137299,2.383416246032709,0.24362291936696734,2.593551961887e-05,2.593551961887e-05,3.3381653499223564e-16,0.0,0.3063925643301001
0.42,2.4,0.23,0.015,0.34,0.19,0.22,13.153224674717505,2.3166854572389624,0.2332637267058245,2.48499047197058e-05,2.48499047197058e-05,1.13780289964809e-16,0.0,0.3086465201186027
0.42,2.4,0.23,0.015,0.36,0.19,0.27999999999999997,13.153040944045998,2.385167869303277,0.24686236882617962,3.205149286719319e-05,3.205149286719319e-05,4.644567218320707e-16,0.0,0.3168655741574076
0.42,2.4,0.23,0.015,0.42,0.18,0.24,13.15257039947215,2.5194207977004175,0.227169486505313,2.688618920401037e-05,2.688618920401037e-05,2.813718336386381e-16,0.0,0.3170228660109018
0.42,2.4,0.23,0.015,0.38,0.16,0.26,13.153385688406981,2.2684087384317357,0.20935869671625054,2.6094591904599063e-05,2.6094591904599063e-05,5.353829409807603e-16,0.0,0.31708025357247677
0.42,2.4,0.23,0.015,0.42,0.18,0.26,13.15257259366605,2.521839869692478,0.2295255516224356,2.918031784982303e-05,2.918031784982303e-05,5.256287274397439e-16,0.0,0.31897114434892104
0.42,2.4,0.23,0.015,0.36,0.2,0.22,13.152819383266781,2.4439168423976114,0.24367845554786965,2.614548893033891e-05,2.614548893033891e-05,3.361001553140918e-16,0.0,0.321784190085325
0.42,2.4,0.23,0.015,0.44,0.17,0.26,13.152517439093065,2.53714869799851,0.21964307065758987,2.8134332443238708e-05,2.8134332443238708e-05,2.638783269698464e-16,0.0,0.32353460252273075
0.42,2.4,0.23,0.015,0.34,0.2,0.24,13.153020483506394,2.385326847885071,0.2477268439653136,2.8345917493902834e-05,2.8345917493902834e-05,3.340211348067096e-16,0.0,0.32391821962380285
0.42,2.4,0.23,0.015,0.38,0.19,0.27999999999999997,13.152831050661177,2.4493683799883788,0.24527781107101385,3.2325054828676036e-05,3.2325054828676036e-05,3.3465329262703774e-16,0.0,0.32577835837827107
0.42,2.4,0.23,0.015,0.34,0.2,0.2,13.153013401828694,2.3815105332967343,0.24061578081091456,2.3525112420572786e-05,2.3525112420572786e-05,1.1463006591502857e-16,0.0,0.3277563844603667
0.42,2.4,0.23,0.015,0.34,0.19,0.26,13.153233762288249,2.3206854448409358,0.24262760779475578,2.94673498469622e-05,2.94673498469622e-05,2.516963609355281e-16,0.0,0.3307251623822027
0.42,2.4,0.23,0.015,0.38,0.17,0.2,13.153203039052576,2.318990385902844,0.21184229207362276,2.0942604216464544e-05,2.0942604216464544e-05,3.292047738549117e-16,0.0,0.33140514662409093
0.42,2.4,0.23,0.015,0.36,0.18,0.2,13.153223232226878,2.3133412882696156,0.22076103096591196,2.1743664069099472e-05,2.1743664069099472e-05,3.166549011178851e-16,0.0,0.3317787885814752
0.42,2.4,0.23,0.015,0.44,0.17,0.27999999999999997,13.152519940916502,2.5397217750108316,0.22241839997740295,3.034852465072166e-05,3.034852465072166e-05,3.475752633596709e-16,0.0,0.33430167020951496
0.42,2.4,0.23,0.015,0.38,0.18,0.18,13.153015961351022,2.3766458531306953,0.22190644386537905,1.9679607831408347e-05,1.9679607831408347e-05,2.5110983669592343e-16,0.0,0.3348872385854313
0.42,2.4,0.23,0.015,0.36,0.2,0.24,13.152822800076738,2.4459210870010555,0.2470925194013443,2.8577663913457313e-05,2.8577663913457313e-05,2.333162769927201e-16,0.0,0.33587316951408763
0.42,2.4,0.23,0.015,0.44,0.17,0.24,13.152516079820565,2.5345790426475254,0.21812039411801762,2.5920130130436397e-05,2.5920130130436397e-05,2.1590883837938058e-16,0.0,0.33787764170726714
0.42,2.4,0.23,0.015,0.44,0.16,0.2,13.152692944776533,2.476455299526642,0.20903797235811888,2.0502473807092886e-05,2.0502473807092886e-05,4.502889896693053e-16,0.0,0.3387601894397517
0.42,2.4,0.23,0.015,0.4,0.17,0.18,13.152985784038997,2.3853787951546788,0.21449834957890643,1.8956754460765224e-05,1.8956754460765224e-05,4.873203053393732e-16,0.0,0.34306221580747337
0.42,2.4,0.23,0.015,0.42,0.18,0.22,13.152569347831976,2.5170054764334604,0.22603155810117181,2.459205089903882e-05,2.459205089903882e-05,1.940953252181443e-16,0.0,0.34387363572628865
0.42,2.4,0.23,0.015,0.36,0.2,0.2,13.152817109029018,2.4419172154632753,0.24137927923614663,2.3713304549428937e-05,2.3713304549428937e-05,3.573972435024874e-16,0.0,0.34583315979498397
0.42,2.4,0.23,0.015,0.4,0.16,0.2,13.153161265413386,2.3315891858571547,0.20359146470669645,2.013800988302436e-05,2.013800988302436e-05,2.2845804352459633e-16,0.0,0.3467687117929027
0.42,2.4,0.23,0.015,0.36,0.19,0.18,13.15302455831453,2.3747173116915548,0.23001300421175622,2.0398928296767177e-05,2.0398928296767177e-05,4.1373529938834383e-16,0.0,0.34771090166085994
0.42,2.4,0.23,0.015,0.36,0.18,0.3,13.153244632651738,2.3242602201209643,0.24337083739798743,3.2887744780003836e-05,3.2887744780003836e-05,2.5919335419983074e-16,0.0,0.34835485509087416
0.42,2.4,0.23,0.015,0.34,0.19,0.2,13.153221844844225,2.3146927830912594,0.23027007137520164,2.2541168342823242e-05,2.2541168342823242e-05,4.0100498012511403e-16,0.0,0.3502345421477745
0.42,2.4,0.23,0.015,0.4,0.19,0.24,13.152603139320865,2.510636294530285,0.23678265374982999,2.7848672929105256e-05,2.7848672929105256e-05,2.2488454450352323e-16,0.0,0.3504913906612141
0.42,2.4,0.23,0.015,0.36,0.17,0.26,13.15341914800467,2.258501595007226,0.22068754218730557,2.7137274706278552e-05,2.7137274706278552e-05,4.4250284837996366e-16,0.0,0.3508519921119898
0.42,2.4,0.23,0.015,0.42,0.18,0.27999999999999997,13.152575930414606,2.5242626820416887,0.23306281340054863,3.14744360122611e-05,3.14744360122611e-05,2.9766323909872424e-16,0.0,0.3521429651715359
0.42,2.4,0.23,0.015,0.36,0.17,0.27999999999999997,13.153424431055228,2.260782125702838,0.2264808059107913,2.926437007181454e-05,2.926437007181454e-05,4.237149757509932e-16,0.0,0.3530299722121392
0.42,2.4,0.23,0.015,0.4,0.18,0.18,13.152798725330372,2.4436927994631694,0.22446204740071588,1.984258472173192e-05,1.984258472173192e-05,2.6964489481339213e-16,0.0,0.35362757280023704
0.42,2.4,0.23,0.015,0.4,0.19,0.22,13.152601252746283,2.50837945011613,0.23482094628790215,2.5474624792895528e-05,2.5474624792895528e-05,2.300128201327591e-16,0.0,0.36088129325760077
0.42,2.4,0.23,0.015,0.38,0.19,0.18,13.152818141445653,2.438486375374454,0.23201471468927742,2.0563622074167703e-05,2.0563622074167703e-05,2.7929603527137175e-16,0.0,0.3636879813411687
0.42,2.4,0.23,0.015,0.38,0.16,0.24,13.153382383002938,2.2659578411816437,0.20545130890821062,2.40474201896497e-05,2.40474201896497e-05,2.471996170092711e-16,0.0,0.36784060970071264
0.42,2.4,0.23,0.015,0.42,0.16,0.18,13.152934026493377,2.4008418821575197,0.2078634226024467,1.823038704128893e-05,1.823038704128893e-05,3.6201119263256795e-16,0.0,0.37132399487155326
0.42,2.4,0.23,0.015,0.44,0.17,0.3,13.152523585291947,2.54229826373768,0.22640031977896274,3.256270595756658e-05,3.256270595756658e-05,3.649789760281097e-16,0.0,0.37320195951161034
0.42,2.4,0.23,0.015,0.42,0.17,0.18,13.152757729102836,2.4554992333713237,0.21763769917963802,1.911801856026643e-05,1.911801856026643e-05,4.1089517278179863e-16,0.0,0.37351354742840115
0.42,2.4,0.23,0.015,0.32,0.2,0.22,13.153202541752025,2.3248380650662184,0.24401000609495452,2.5723712865043102e-05,2.5723712865043102e-05,2.2490796069935025e-16,0.0,0.373958851843375
0.42,2.4,0.23,0.015,0.4,0.19,0.26,13.152606168450955,2.5128971977713874,0.2398988647084485,3.022271105827465e-05,3.022271105827465e-05,4.480093403253143e-16,0.0,0.37455197323383266
0.42,2.4,0.23,0.015,0.44,0.17,0.22,13.152515863098417,2.532012818935351,0.21787663523423959,2.3705918507671564e-05,2.3705918507671564e-05,2.463339785386244e-16,0.0,0.37560684772028324
0.42,2.4,0.23,0.015,0.36,0.17,0.24,13.153415007581836,2.2562255393501727,0.21603869509602844,2.5010169589358838e-05,2.5010169589358838e-05,5.858655357234967e-16,0.0,0.37931809979850073
0.42,2.4,0.23,0.015,0.34,0.2,0.26,13.153025738230658,2.3872423274492487,0.2528741605730634,3.075630517916303e-05,3.075630517916303e-05,2.500487081373174e-16,0.0,0.383837682842682
0.42,2.4,0.23,0.015,0.45999999999999996,0.16,0.27999999999999997,13.15244237184643,2.561424296065713,0.21225506025780808,2.9219033475868378e-05,2.9219033475868378e-05,2.5383708402699685e-16,0.0,0.3845002504279306
0.42,2.4,0.23,0.015,0.34,0.2,0.18,13.15301157487224,2.3796097210925518,0.23874687567329322,2.1114696765543728e-05,2.1114696765543728e-05,4.185988752798438e-16,0.0,0.3852893114981816
0.42,2.4,0.23,0.015,0.45999999999999996,0.16,0.26,13.152440704928852,2.558709412946564,0.21032063046470126,2.7084781948794046e-05,2.7084781948794046e-05,3.89850035323256e-16,0.0,0.3898399270669188
0.42,2.4,0.23,0.015,0.36,0.2,0.26,13.152827359460348,2.447929938279483,0.2515760854266625,3.100982862453208e-05,3.100982862453208e-05,3.2968190326138233e-16,0.0,0.3910788368460026
0.42,2.4,0.23,0.015,0.36,0.17,0.3,13.153430856735755,2.263067118309927,0.23333326004893673,3.139145492161294e-05,3.139145492161294e-05,5.239016575856165e-16,0.0,0.3914454714050737
0.42,2.4,0.23,0.015,0.32,0.2,0.2,13.153198876870146,2.3230326601472044,0.24029932256989703,2.333509570517575e-05,2.333509570517575e-05,2.248759718935894e-16,0.0,0.391988534659911
0.42,2.4,0.23,0.015,0.32,0.2,0.24,13.153207349239194,2.3266486427549395,0.2487936707466643,2.8112320776846333e-05,2.8112320776846333e-05,1.1663072746136606e-16,0.0,0.3959473595351635
0.42,2.4,0.23,0.015,0.42,0.18,0.2,13.152569438745058,2.51459391628679,0.2261301568251203,2.2297903759141424e-05,2.2297903759141424e-05,6.465901792335332e-16,0.0,0.3983162459098869
0.42,2.4,0.23,0.015,0.45999999999999996,0.16,0.3,13.152445181310357,2.5641422692138227,0.21547609792925848,3.1353274510526746e-05,3.1353274510526746e-05,6.002695486539121e-16,0.0,0.4006695686887609
0.42,2.4,0.23,0.015,0.34,0.19,0.27999999999999997,13.15324001998958,2.3226927337863326,0.24887082078343706,3.177605693753874e-05,3.177605693753874e-05,1.1648873193252766e-16,0.0,0.40272785051858234
0.42,2.4,0.23,0.015,0.4,0.19,0.2,13.152600508726396,2.5061266751063895,0.23404277471113266,2.3100567502737368e-05,2.3100567502737368e-05,2.498671812728872e-16,0.0,0.40381610783355604
0.42,2.4,0.23,0.015,0.36,0.2,0.18,13.15281597736248,2.4399222172063153,0.240227003886819,2.1281111644993328e-05,2.1281111644993328e-05,3.317088861264848e-16,0.0,0.40591883790480093
0.42,2.4,0.23,0.015,0.34,0.18,0.24,13.153426051482622,2.253656053603544,0.2270810794060257,2.596934598081413e-05,2.596934598081413e-05,4.252837438639296e-17,0.0,0.41020024210498235
0.42,2.4,0.23,0.015,0.34,0.18,0.26,13.153431026930384,2.255749068016297,0.2323909305270895,2.817636757976305e-05,2.817636757976305e-05,4.498895053072479e-16,0.0,0.4103557990295839
0.42,2.4,0.23,0.015,0.45999999999999996,0.16,0.24,13.152440180556908,2.5559976292368156,0.20970841606748553,2.495052069577744e-05,2.495052069577744e-05,5.982080942568288e-16,0.0,0.4143515830580707
0.42,2.4,0.23,0.015,0.36,0.18,0.18,13.15322237996859,2.311171165434176,0.21981246108569144,1.9514821280736117e-05,1.9514821280736117e-05,1.739230612327764e-16,0.0,0.4165036822280117
0.42,2.4,0.23,0.015,0.32,0.21000000000000002,0.2,13.152979672972892,2.39299777499101,0.2506592581247236,2.431717209968806e-05,2.431717209968806e-05,2.683983592388749e-16,0.0,0.417053614005927
0.42,2.4,0.23,0.015,0.42,0.18,0.3,13.152580409719244,2.5266892244073578,0.23772855109025823,3.37685428670742e-05,3.37685428670742e-05,4.395872805983791e-16,0.0,0.41999839810172707
0.42,2.4,0.23,0.015,0.32,0.21000000000000002,0.22,13.152983477505728,2.394719481624745,0.2543534805735164,2.680744154419379e-05,2.680744154419379e-05,3.201076022155793e-16,0.0,0.4216903384635973
0.42,2.4,0.23,0.015,0.34,0.19,0.18,13.15322015757724,2.3127050050782683,0.2284664856081699,2.0232423863619786e-05,2.0232423863619786e-05,2.246586202322227e-16,0.0,0.42267102726293804
0.42,2.4,0.23,0.015,0.38,0.17,0.18,13.153203021794473,2.316644804691839,0.21182231700946094,1.879368161732467e-05,1.879368161732467e-05,3.572393346280576e-16,0.0,0.42276767234981005
0.42,2.4,0.23,0.015,0.44,0.16,0.18,13.152695152906816,2.473811178074121,0.21161214938941966,1.8389942327341757e-05,1.8389942327341757e-05,5.574970522850918e-16,0.0,0.42379054839813657
0.42,2.4,0.23,0.015,0.38,0.2,0.22,13.152611577714183,2.5062006378310606,0.24417628280634848,2.6353617090111442e-05,2.6353617090111442e-05,3.269965255667373e-16,0.0,0.4275737569308249
0.42,2.4,0.23,0.015,0.36,0.19,0.3,13.153047648973095,2.38727171220566,0.2534342311164692,3.4381974572759294e-05,3.4381974572759294e-05,4.023848062212868e-16,0.0,0.4286685297898513
0.42,2.4,0.23,0.015,0.38,0.19,0.3,13.152837060230818,2.4515577005573492,0.25121336178729986,3.467730991062526e-05,3.467730991062526e-05,1.6148105846696974e-16,0.0,0.432123701347579
0.42,2.4,0.23,0.015,0.36,0.17,0.22,13.153412009784965,2.253953971889813,0.21260934829782918,2.288305548543701e-05,2.288305548543701e-05,3.762112173942228e-16,0.0,0.4335004402092471
0.42,2.4,0.23,0.015,0.4,0.19,0.27999999999999997,13.152610340137844,2.515162149284471,0.24412537211438406,3.259673832728058e-05,3.259673832728058e-05,1.6574582690646881e-16,0.0,0.43596441631450056
0.42,2.4,0.23,0.015,0.44,0.17,0.2,13.15251678892651,2.529450036870134,0.21891606618839743,2.149169837026635e-05,2.149169837026635e-05,2.8099993738481713e-16,0.0,0.43644151984407853
0.42,2.4,0.23,0.015,0.38,0.16,0.22,13.153380220222658,2.263511047977755,0.20285390906351497,2.200023983568722e-05,2.200023983568722e-05,4.519516490601059e-16,0.0,0.4370649410510937
0.42,2.4,0.23,0.015,0.38,0.2,0.24,13.152614299233498,2.508292506698481,0.24689400191871874,2.8807556083979696e-05,2.8807556083979696e-05,3.3020861210407367e-16,0.0,0.4389937117993582
0.42,2.4,0.23,0.015,0.4,0.16,0.18,13.153162083140913,2.3290765121165937,0.2045738714903563,1.8069023848637372e-05,1.8069023848637372e-05,1.2894405087565187e-16,0.0,0.4390217842681866
0.42,2.4,0.23,0.015,0.34,0.18,0.22,13.153422218661444,2.2515678873277127,0.2229044155651181,2.376231504815432e-05,2.376231504815432e-05,3.156876512969073e-16,0.0,0.4427913246524918
0.42,2.4,0.23,0.015,0.34,0.21000000000000002,0.22,13.152797308901302,2.451628534691449,0.2539819655352818,2.7019144316457744e-05,2.7019144316457744e-05,2.6504678710426484e-16,0.0,0.4430278773978195
0.42,2.4,0.23,0.015,0.38,0.18,0.16,13.153016946962158,2.3743948873250345,0.2229927879957056,1.7428974632367755e-05,1.7428974632367755e-05,3.5133196251058806e-16,0.0,0.44337974778956846
0.42,2.4,0.23,0.015,0.34,0.21000000000000002,0.2,13.152794199692561,2.4498061443736416,0.25096245395404826,2.4507093677021002e-05,2.4507093677021002e-05,3.5347092649408075e-16,0.0,0.4434665213305229
0.42,2.4,0.23,0.015,0.32,0.2,0.18,13.153196354592,2.321232439751683,0.2377118732603727,2.094647015600526e-05,2.094647015600526e-05,2.24849415637404e-16,0.0,0.4467381438114582
0.42,2.4,0.23,0.015,0.34,0.18,0.27999999999999997,13.15343714500684,2.257846917452066,0.23875837648322487,3.0383379051746734e-05,3.0383379051746734e-05,3.1574841459137774e-16,0.0,0.44821921323064
0.42,2.4,0.23,0.015,0.36,0.19,0.16,13.153024708939261,2.3726410136741305,0.230173508055009,1.8068390037630222e-05,1.8068390037630222e-05,2.024997111434503e-16,0.0,0.45029883172668317
0.42,2.4,0.23,0.015,0.4,0.17,0.16,13.152987604622776,2.382960362707629,0.21656939568975964,1.6786044273242595e-05,1.6786044273242595e-05,6.182166802235125e-16,0.0,0.452807458184041
0.42,2.4,0.23,0.015,0.38,0.2,0.2,13.152609998749417,2.5041131282038753,0.24258556614602314,2.389966862458709e-05,2.389966862458709e-05,5.223134710556318e-16,0.0,0.4539359421446448
0.42,2.4,0.23,0.015,0.32,0.21000000000000002,0.18,13.15297701102444,2.391281224030739,0.24804177680189238,2.182689391214132e-05,2.182689391214132e-05,1.375869217100307e-16,0.0,0.45417319601825434
0.42,2.4,0.23,0.015,0.45999999999999996,0.16,0.22,13.152440798730368,2.5532889543495836,0.21042995774041537,2.2816250483243677e-05,2.2816250483243677e-05,2.7485805983687466e-16,0.0,0.4572775601623922
0.42,2.4,0.23,0.015,0.32,0.2,0.26,13.1532132993337,2.328464381466097,0.25458984068190876,3.0500918581814057e-05,3.0500918581814057e-05,1.2188207140041397e-16,0.0,0.4619231556200026
0.42,2.4,0.23,0.015,0.4,0.18,0.16,13.152800406166191,2.4413624973917103,0.22629064355991385,1.7570180596788998e-05,1.7570180596788998e-05,4.981436937041652e-16,0.0,0.46286860733054136
0.42,2.4,0.23,0.015,0.32,0.19,0.24,13.153415514630018,2.258273842908311,0.2385152529813428,2.69249239016299e-05,2.69249239016299e-05,1.1908192798020872e-16,0.0,0.46328856341080266
0.42,2.4,0.23,0.015,0.38,0.19,0.16,13.152818987321355,2.4363229722494406,0.2329069036645094,1.8211309971982725e-05,1.8211309971982725e-05,4.616320486561214e-16,0.0,0.46800900780464244
0.42,2.4,0.23,0.015,0.32,0.19,0.22,13.15341084678286,2.256375552381043,0.23366777457223728,2.463799518421725e-05,2.463799518421725e-05,2.562844791778269e-16,0.0,0.4683670976065695
0.42,2.4,0.23,0.015,0.32,0.21000000000000002,0.24,13.152988424624574,2.3964463331208816,0.2590783881389531,2.9297701350263633e-05,2.9297701350263633e-05,2.4358835622240755e-16,0.0,0.4711061247536225
0.42,2.4,0.23,0.015,0.34,0.2,0.16,13.153010890502841,2.3777138208462048,0.23804301471715103,1.870427352029108e-05,1.870427352029108e-05,1.5982066789822808e-16,0.0,0.4772314693075244
0.42,2.4,0.23,0.015,0.42,0.16,0.16,13.152936682029983,2.398264453353246,0.21097252369482009,1.6139615693799847e-05,1.6139615693799847e-05,2.7681632788813357e-16,0.0,0.4779602707116678
0.42,2.4,0.23,0.015,0.4,0.19,0.18,13.152600907260878,2.5038779801009605,0.234459923767506,2.072650191178166e-05,2.072650191178166e-05,1.2575997452967055e-16,0.0,0.47852210263559425
0.42,2.4,0.23,0.015,0.42,0.18,0.18,13.152570672211423,2.5121861276827997,0.22746367467239986,2.0003748608558164e-05,2.0003748608558164e-05,3.9790875563729525e-16,0.0,0.480455852206497
0.42,2.4,0.23,0.015,0.42,0.17,0.16,13.152760244881328,2.453009453676751,0.22045374668077386,1.6925539815703522e-05,1.6925539815703522e-05,3.9214008358667013e-16,0.0,0.48352316239363036
0.42,2.4,0.23,0.015,0.34,0.21000000000000002,0.18,13.152792233052272,2.447988644178439,0.2490336466024073,2.1995034227135363e-05,2.1995034227135363e-05,2.7146898238182527e-16,0.0,0.4851952033868702
0.42,2.4,0.23,0.015,0.34,0.21000000000000002,0.24,13.152801560679823,2.453455804551025,0.2580538968647057,2.9531185242303443e-05,2.9531185242303443e-05,2.8052699892618784e-16,0.0,0.4863920051978591
0.42,2.4,0.23,0.015,0.34,0.2,0.27999999999999997,13.153032135548015,2.3891626733316924,0.25900266870029737,3.3166681808142334e-05,3.3166681808142334e-05,1.1163892414500578e-16,0.0,0.4902331748569779
0.42,2.4,0.23,0.015,0.38,0.2,0.26,13.152618163308526,2.51038872426955,0.25070207454281,3.1261484724199456e-05,3.1261484724199456e-05,6.213449802413094e-16,0.0,0.4906011895565908
0.42,2.4,0.23,0.015,0.36,0.2,0.27999999999999997,13.15283306141955,2.4499433852530625,0.2570732006794172,3.344198218930422e-05,3.344198218930422e-05,2.3718815154824667e-16,0.0,0.49107339177100895
0.42,2.4,0.23,0.015,0.32,0.19,0.26,13.153421325102798,2.260177306899647,0.2444150403320173,2.9211842939916993e-05,2.9211842939916993e-05,2.494445500134213e-16,0.0,0.4976830196230513
0.42,2.4,0.23,0.015,0.36,0.2,0.16,13.152815988266662,2.4379318586489904,0.24023813301931876,1.8848911091291082e-05,1.8848911091291082e-05,2.570758353387074e-16,0.0,0.5009577848074624
0.42,2.4,0.23,0.015,0.34,0.18,0.2,13.153419528465218,2.249484582324752,0.21992551053050555,2.1555275575041444e-05,2.1555275575041444e-05,5.007810474811243e-16,0.0,0.5038910461181264
0.42,2.4,0.23,0.015,0.32,0.19,0.2,13.153407321559342,2.254482448050782,0.22993916778669943,2.2351057609826946e-05,2.2351057609826946e-05,4.582922454848985e-16,0.0,0.5085499962129858
0.42,2.4,0.23,0.015,0.36,0.17,0.2,13.15341015461278,2.251686905815234,0.21045912408823214,2.075593315888427e-05,2.075593315888427e-05,5.799090029305066e-16,0.0,0.5094857813497423
0.42,2.4,0.23,0.015,0.38,0.2,0.18,13.15260956233852,2.5020299883700994,0.24214406381745984,2.1445711569409442e-05,2.1445711569409442e-05,3.952186844600142e-16,0.0,0.5166222798542511
0.42,2.4,0.23,0.015,0.45999999999999996,0.16,0.2,13.152442559449474,2.5505833977307155,0.21247166781035492,2.0681972077631755e-05,2.0681972077631755e-05,2.240178938080817e-16,0.0,0.5195092186522454
0.42,2.4,0.23,0.015,0.38,0.16,0.2,13.153379200065217,2.2610683717215907,0.20161713264233236,1.9953051578189274e-05,1.9953051578189274e-05,5.319142266991497e-16,0.0,0.5214297709768401
0.42,2.4,0.23,0.015,0.44,0.17,0.18,13.152518857305227,2.5268907064907196,0.22122060003105826,1.927747051357065e-05,1.927747051357065e-05,2.848872371985554e-16,0.0,0.5215682441881042
0.42,2.4,0.23,0.015,0.34,0.19,0.3,13.153247420304933,2.3247048698490715,0.2560576192455349,3.408475260624835e-05,3.408475260624835e-05,3.3622226417597346e-16,0.0,0.5217561418127384
0.42,2.4,0.23,0.015,0.34,0.19,0.16,13.153219612915814,2.310722135494051,0.22788122790164814,1.792367211200796e-05,1.792367211200796e-05,4.473472294624351e-16,0.0,0.5241010240113934
0.42,2.4,0.23,0.015,0.36,0.18,0.16,13.153222670317195,2.309005626262499,0.22013608032842394,1.7285971479350654e-05,1.7285971479350654e-05,1.4752928239009734e-16,0.0,0.5252546675953659
0.42,2.4,0.23,0.015,0.34,0.18,0.3,13.153444405714593,2.259949588819173,0.24610134055727534,3.259037960350736e-05,3.259037960350736e-05,2.268364458353681e-16,0.0,0.5291772023026067
0.42,2.4,0.23,0.015,0.32,0.21000000000000002,0.16,13.152975491659234,2.3895698395571032,0.24653533451142193,1.933660787692068e-05,1.933660787692068e-05,5.02034263807405e-16,0.0,0.5307979174864919
0.42,2.4,0.23,0.015,0.44,0.16,0.16,13.152698503604496,2.471170414618538,0.21545956425027352,1.62774042433457e-05,1.62774042433457e-05,4.737836960468384e-16,0.0,0.5308242298336067
0.42,2.4,0.23,0.015,0.38,0.17,0.16,13.153204147143017,2.3143034541633316,0.21312091105336675,1.66447522658153e-05,1.66447522658153e-05,3.642134459149044e-16,0.0,0.533732081611737
0.42,2.4,0.23,0.015,0.32,0.2,0.16,13.1531949749165,2.319437415639716,0.23628456122714128,1.855783707632036e-05,1.855783707632036e-05,3.1436568658830927e-16,0.0,0.5357854761959051
0.42,2.4,0.23,0.015,0.4,0.19,0.3,13.152615654383307,2.517431138537136,0.2494057360021688,3.4970753882999916e-05,3.4970753882999916e-05,2.5136735767317096e-16,0.0,0.5384328453844521
0.42,2.4,0.23,0.015,0.36,0.21000000000000002,0.22,13.152600322666128,2.510485833414413,0.2540350291913114,2.7229004457597628e-05,2.7229004457597628e-05,2.6753294412288685e-16,0.0,0.5471207694458643
0.42,2.4,0.23,0.015,0.4,0.16,0.16,13.153164043473259,2.326567697638156,0.20690999430532178,1.6000031323817193e-05,1.6000031323817193e-05,4.54912110353065e-16,0.0,0.5472415169573448
0.42,2.4,0.23,0.015,0.36,0.16,0.27999999999999997,13.15360003493739,2.2014637469554255,0.21631394708826038,2.786777508121882e-05,2.786777508121882e-05,3.653420923847579e-16,0.0,0.5476564089522336
0.42,2.4,0.23,0.015,0.36,0.16,0.3,13.153606320982531,2.2038438751766116,0.22332502459807282,2.9893125510639662e-05,2.9893125510639662e-05,3.1968840486499337e-16,0.0,0.5496703461495706
0.42,2.4,0.23,0.015,0.36,0.21000000000000002,0.2,13.152597908750618,2.508568822924821,0.2516943548625367,2.469518591389011e-05,2.469518591389011e-05,4.0249930563275136e-16,0.0,0.5520233664037145
0.42,2.4,0.23,0.015,0.44,0.18,0.24,13.152329444033453,2.589449541162774,0.2283757831182637,2.711077208517043e-05,2.711077208517043e-05,3.559080203201737e-16,0.0,0.5610634768274213
0.42,2.4,0.23,0.015,0.44,0.18,0.26,13.152330943007422,2.5919361957502947,0.2299795403528997,2.9426645714949323e-05,2.9426645714949323e-05,3.4361882026715535e-16,0.0,0.565176341441651
0.42,2.4,0.23,0.015,0.34,0.21000000000000002,0.16,13.15279140897959,2.4461760446931047,0.24822097083786876,1.9482966869915214e-05,1.9482966869915214e-05,4.79277208386092e-16,0.0,0.5665449007036473
0.42,2.4,0.23,0.015,0.32,0.21000000000000002,0.26,13.152994514331533,2.398178318670694,0.26477880959131955,3.17879506225166e-05,3.17879506225166e-05,2.3165399643474964e-16,0.0,0.5689218774083853
0.42,2.4,0.23,0.015,0.42,0.19,0.24,13.152373002493515,2.5777523028660734,0.23748611835056643,2.8074978474741663e-05,2.8074978474741663e-05,3.5293203848051755e-16,0.0,0.5693916868654711
0.42,2.4,0.23,0.015,0.32,0.2,0.27999999999999997,13.153220392038067,2.330285269459172,0.26133115419329245,3.28895054211957e-05,3.28895054211957e-05,2.2592151059603007e-16,0.0,0.5763071882781474
0.42,2.4,0.23,0.015,0.32,0.19,0.27999999999999997,13.153428278203666,2.2620859316340316,0.25129303001627445,3.149875147694797e-05,3.149875147694797e-05,1.1329118976429866e-16,0.0,0.5764141302972238
0.42,2.4,0.23,0.015,0.34,0.21000000000000002,0.26,13.152806955029936,2.455287943378152,0.26312939378423406,3.204321555142983e-05,3.204321555142983e-05,2.9327153715076556e-16,0.0,0.5767652353518616
0.42,2.4,0.23,0.015,0.36,0.16,0.26,13.153594891537658,2.199087999764224,0.2104035921942265,2.5842414639105915e-05,2.5842414639105915e-05,2.7620262608545427e-16,0.0,0.5774690663630574
0.42,2.4,0.23,0.015,0.42,0.19,0.22,13.152371811148388,2.575420475142424,0.23625288953882786,2.567918274519812e-05,2.567918274519812e-05,1.5540063044689708e-16,0.0,0.5798122423315195
0.42,2.4,0.23,0.015,0.32,0.19,0.18,13.153404938957957,2.2525945426621425,0.2273844804655143,2.006411200059996e-05,2.006411200059996e-05,3.1551229553423796e-16,0.0,0.5802242626136964
0.42,2.4,0.23,0.015,0.36,0.21000000000000002,0.24,13.152603879134464,2.5124074677586425,0.2574448171132171,2.9762813213238953e-05,2.9762813213238953e-05,5.00632674753005e-16,0.0,0.5853784727126681
0.42,2.4,0.23,0.015,0.4,0.19,0.16,13.15260244834988,2.501633375722097,0.2360660568151741,1.835242887312724e-05,1.835242887312724e-05,2.4381428915861257e-16,0.0,0.5854147271531149
0.42,2.4,0.23,0.015,0.38,0.2,0.27999999999999997,13.152623169940917,2.512489280024382,0.25555176197259943,3.371540212877486e-05,3.371540212877486e-05,4.0898669779727264e-16,0.0,0.585594926994891
0.42,2.4,0.23,0.015,0.44,0.18,0.22,13.152329087593161,2.5869664072178282,0.22799276620346484,2.4794888716549862e-05,2.4794888716549862e-05,4.130355513273183e-16,0.0,0.5859921490352458
0.42,2.4,0.23,0.015,0.32,0.22,0.2,13.152749710155842,2.4642572881233513,0.2610189573517394,2.5297272606458754e-05,2.5297272606458754e-05,1.447078104495272e-16,0.0,0.5901473921552183
0.42,2.4,0.23,0.015,0.34,0.18,0.18,13.153417980892794,2.247406151752476,0.21819342738263053,1.9348228354729852e-05,1.9348228354729852e-05,2.238887724387905e-16,0.0,0.5902791171508224
0.42,2.4,0.23,0.015,0.42,0.18,0.16,13.152573048231583,2.5097821210710682,0.23001063377244443,1.770958627152902e-05,1.770958627152902e-05,4.3068855615347465e-16,0.0,0.5917015371319014
0.42,2.4,0.23,0.015,0.42,0.19,0.26,13.152375336374794,2.580087949907897,0.2398836753586026,3.0470764116937582e-05,3.0470764116937582e-05,3.5188225391717604e-16,0.0,0.5932046665986391
0.42,2.4,0.23,0.015,0.36,0.21000000000000002,0.18,13.152596637386898,2.50665644656747,0.25045277102272906,2.216135849296766e-05,2.216135849296766e-05,3.849288461069354e-16,0.0,0.5981187344293174
0.42,2.4,0.23,0.015,0.44,0.18,0.27999999999999997,13.15233358451571,2.594426361282099,0.23277880795452655,3.174250877390969e-05,3.174250877390969e-05,3.499350481294207e-16,0.0,0.5999867228482056
0.42,2.4,0.23,0.015,0.45999999999999996,0.16,0.18,13.152445462714956,2.547880968858852,0.2157960779747255,1.8547686245418832e-05,1.8547686245418832e-05,3.8523556937276445e-16,0.0,0.6035050558159489
0.42,2.4,0.23,0.015,0.36,0.17,0.18,13.153409442064483,2.24942435434636,0.20962738746221335,1.862880337406142e-05,1.862880337406142e-05,4.809449468934857e-16,0.0,0.6046902475470282
0.42,2.4,0.23,0.015,0.45999999999999996,0.17,0.26,13.152264970141474,2.6099493952000716,0.22060728864571008,2.8378941246621353e-05,2.8378941246621353e-05,2.7935528854708745e-16,0.0,0.6053384221529851
0.42,2.4,0.23,0.015,0.32,0.22,0.18,13.152746908544085,2.4626205093715847,0.2583738464844688,2.2705370379648426e-05,2.2705370379648426e-05,7.734610455448194e-17,0.0,0.6089495630950943
0.42,2.4,0.23,0.015,0.34,0.17,0.26,13.153617531899055,2.19257717422528,0.22216554052093815,2.6883376348766502e-05,2.6883376348766502e-05,2.637949221192674e-16,0.0,0.6149921141962458
0.42,2.4,0.23,0.015,0.38,0.2,0.16,13.15261026848129,2.4999512288993784,0.24285804351602266,1.8991746806567428e-05,1.8991746806567428e-05,6.079509750624071e-16,0.0,0.6152210826950401
0.42,2.4,0.23,0.015,0.45999999999999996,0.17,0.24,13.152264306056345,2.6073193395394973,0.21986793621483605,2.614299593053926e-05,2.614299593053926e-05,5.154391544400871e-16,0.0,0.6152757571497962
0.42,2.4,0.23,0.015,0.32,0.22,0.22,13.152753654331706,2.465899181768093,0.2646980095164708,2.7889165737187555e-05,2.7889165737187555e-05,1.5641035883283855e-16,0.0,0.6179782427048395
0.42,2.4,0.23,0.015,0.34,0.17,0.27999999999999997,13.153623510342332,2.1947691778028013,0.2286679556183892,2.898866742022735e-05,2.898866742022735e-05,4.645906378491549e-16,0.0,0.618894842257375
0.42,2.4,0.23,0.015,0.38,0.16,0.18,13.153379322530169,2.2586298253526405,0.20176600207364428,1.7905856152636984e-05,1.7905856152636984e-05,4.317771685134052e-16,0.0,0.6192924505190921
0.42,2.4,0.23,0.015,0.45999999999999996,0.17,0.27999999999999997,13.15226677675651,2.6125826563792316,0.2226062379660703,3.0614876370575056e-05,3.0614876370575056e-05,1.490058297461256e-16,0.0,0.6204541580027819
0.42,2.4,0.23,0.015,0.42,0.19,0.2,13.152371762338891,2.573092476721839,0.23620222675853433,2.3283377789118376e-05,2.3283377789118376e-05,3.723094060710314e-17,0.0,0.6232691871262727
0.42,2.4,0.23,0.015,0.4,0.2,0.22,13.15239295501047,2.570137998923004,0.24511367439452553,2.6559900330978825e-05,2.6559900330978825e-05,3.8728065833121996e-16,0.0,0.6308472571173761
0.42,2.4,0.23,0.015,0.36,0.16,0.24,13.153590890781153,2.1967166473980115,0.20568886786231563,2.381704491204173e-05,2.381704491204173e-05,3.004493047129082e-16,0.0,0.6328794597820292
0.42,2.4,0.23,0.015,0.44,0.17,0.16,13.152522068235424,2.5243348378666686,0.2247513240969148,1.706323573294477e-05,1.706323573294477e-05,2.8020550193187016e-16,0.0,0.6335402632820162
0.42,2.4,0.23,0.015,0.44,0.18,0.2,13.152329873686378,2.584486803640699,0.22883661935034524,2.2478996441036708e-05,2.2478996441036708e-05,4.299862162751242e-16,0.0,0.6395597958098135
0.42,2.4,0.23,0.015,0.36,0.2,0.3,13.152839905956764,2.451961416956405,0.26352044388697704,3.5874123733542485e-05,3.5874123733542485e-05,2.800169939493198e-16,0.0,0.6400191068605392
0.42,2.4,0.23,0.015,0.4,0.2,0.24,13.152394981274439,2.572311838346889,0.24713231088704704,2.903558999621872e-05,2.903558999621872e-05,3.3367226815694935e-16,0.0,0.6401000316018333
0.42,2.4,0.23,0.015,0.34,0.17,0.24,13.153612696100874,2.190389961336067,0.21676325983799405,2.4778075616092854e-05,2.4778075616092854e-05,2.5915416708781034e-16,0.0,0.6442534383207821
0.42,2.4,0.23,0.015,0.34,0.2,0.3,13.153039675461182,2.391087874150064,0.26604456975296564,3.55770465143429e-05,3.55770465143429e-05,3.3505545142823474e-16,0.0,0.647554256737569
0.42,2.4,0.23,0.015,0.45999999999999996,0.17,0.22,13.152264784500836,2.6046924986591464,0.2204008572937887,2.3907041225412068e-05,2.3907041225412068e-05,2.7481426260837726e-16,0.0,0.6494339936105915
0.42,2.4,0.23,0.015,0.42,0.19,0.27999999999999997,13.152378812793222,2.582427406306192,0.24341115768290789,3.2866538810908535e-05,3.2866538810908535e-05,4.3955005574012977e-17,0.0,0.6535091228695471
0.42,2.4,0.23,0.015,0.4,0.2,0.2,13.152392071282673,2.567968273746051,0.24422804783724034,2.4084201120874033e-05,2.4084201120874033e-05,5.047136142738395e-16,0.0,0.6594244269978068
0.42,2.4,0.23,0.015,0.34,0.17,0.3,13.153630631433234,2.1969659581181715,0.23617965696193122,3.1093948073844524e-05,3.1093948073844524e-05,2.5024720218995216e-16,0.0,0.6619240418382649
0.42,2.4,0.23,0.015,0.45999999999999996,0.17,0.3,13.152269725902242,2.615219113844825,0.22583133861170906,3.285080049933442e-05,3.285080049933442e-05,2.716829793653498e-16,0.0,0.6628180643530742
0.42,2.4,0.23,0.015,0.32,0.18,0.24,13.15361292052417,2.191455114066855,0.22824403342124477,2.5735527452771384e-05,2.5735527452771384e-05,4.876116071539095e-16,0.0,0.6659991565393546
0.42,2.4,0.23,0.015,0.44,0.18,0.3,13.152337368559449,2.596920028086847,0.23673118014596128,3.40583604300955e-05,3.40583604300955e-05,4.2835300704393476e-16,0.0,0.668277730857
0.42,2.4,0.23,0.015,0.32,0.18,0.26,13.153618591366486,2.193450354557075,0.23425630125377356,2.7920741722951142e-05,2.7920741722951142e-05,4.784414048190536e-16,0.0,0.6690044625212517
0.42,2.4,0.23,0.015,0.36,0.21000000000000002,0.26,13.152608578157139,2.514333715689926,0.2618819612949879,3.229661126992814e-05,3.229661126992814e-05,4.035875269866558e-16,0.0,0.6695370577378745
0.42,2.4,0.23,0.015,0.32,0.22,0.16,13.152745249495231,2.46098885543432,0.2567946292469883,2.011345998872288e-05,2.011345998872288e-05,2.307964672389887e-16,0.0,0.6722875877533798
0.42,2.4,0.23,0.015,0.32,0.19,0.16,13.153403698977687,2.2507118489711733,0.22604351817871607,1.7777159178670315e-05,1.7777159178670315e-05,3.1530001001718767e-16,0.0,0.6807771421499272
0.42,2.4,0.23,0.015,0.36,0.21000000000000002,0.16,13.152596508574408,2.5047487146298395,0.25032663220252227,1.9627523105702344e-05,1.9627523105702344e-05,7.114206512727018e-16,0.0,0.6843332732598588
0.42,2.4,0.23,0.015,0.4,0.2,0.26,13.152398150075452,2.574489781968641,0.2502565413073364,3.151126922687139e-05,3.151126922687139e-05,4.0275482562722316e-16,0.0,0.6889821926461988
0.42,2.4,0.23,0.015,0.32,0.22,0.24,13.152758741073354,2.467546180383074,0.2693686413711933,3.0481048839833824e-05,3.0481048839833824e-05,2.372174890011016e-16,0.0,0.6952223512436889
0.42,2.4,0.23,0.015,0.32,0.18,0.22,13.153608392324822,2.1894650421548216,0.22332700703521075,2.3550303931894195e-05,2.3550303931894195e-05,4.980956468864826e-16,0.0,0.6978303856888453
0.42,2.4,0.23,0.015,0.42,0.19,0.18,13.152372856064991,2.570768317612357,0.2373348873068669,2.088756446738671e-05,2.088756446738671e-05,2.230823364509444e-16,0.0,0.699712500081092
0.42,2.4,0.23,0.015,0.34,0.18,0.16,13.153417575943505,2.245332608790381,0.21773792319747057,1.714117418050165e-05,1.714117418050165e-05,4.585223145910153e-16,0.0,0.7000021744047171
0.42,2.4,0.23,0.015,0.34,0.17,0.22,13.15360900294573,2.1882075531147627,0.21254501694059977,2.267276597879911e-05,2.267276597879911e-05,2.439160931125666e-16,0.0,0.701172119216579
0.42,2.4,0.23,0.015,0.34,0.22,0.2,13.152564238724109,2.519459445001972,0.26130993317510487,2.5487097926185642e-05,2.5487097926185642e-05,3.9751482744504706e-16,0.0,0.7037585438044712
0.42,2.4,0.23,0.015,0.32,0.19,0.3,13.153436373935575,2.263999704402605,0.25907132383004966,3.378564869058187e-05,3.378564869058187e-05,3.1563164339350544e-16,0.0,0.7045943508813475
0.42,2.4,0.23,0.015,0.36,0.16,0.22,13.153588032666171,2.1943497036898347,0.2022534054050743,2.1791666627735823e-05,2.1791666627735823e-05,2.7337516559530836e-16,0.0,0.7083987327235247
0.42,2.4,0.23,0.015,0.45999999999999996,0.17,0.2,13.152266405475137,2.6020688818501747,0.2221968977139693,2.1671077934298788e-05,2.1671077934298788e-05,4.727042891593182e-16,0.0,0.7084135760052759
0.42,2.4,0.23,0.015,0.32,0.18,0.27999999999999997,13.153625404854186,2.1954507498883573,0.24128195058963367,3.0105945956940272e-05,3.0105945956940272e-05,4.654044381609591e-16,0.0,0.7122188625577066
0.42,2.4,0.23,0.015,0.45999999999999996,0.16,0.16,13.15244950852803,2.5451816772454845,0.22034513841462966,1.6413393753036964e-05,1.6413393753036964e-05,4.593435903495305e-16,0.0,0.713074201658592
0.42,2.4,0.23,0.015,0.48,0.16,0.26,13.152177418002662,2.6340010653621087,0.21183753075299352,2.7327677703258696e-05,2.7327677703258696e-05,1.3784265177057277e-16,0.0,0.7158476001463812
0.42,2.4,0.23,0.015,0.48,0.16,0.27999999999999997,13.152178389747387,2.6367690944346993,0.21295935087435927,2.948367071511568e-05,2.948367071511568e-05,4.5278650458931913e-17,0.0,0.7174191304813277
0.42,2.4,0.23,0.015,0.34,0.21000000000000002,0.27999999999999997,13.152813491953932,2.4571249406054108,0.2691516883362347,3.4555234340722524e-05,3.4555234340722524e-05,1.425656185851056e-16,0.0,0.7178732035472415
0.42,2.4,0.23,0.015,0.36,0.17,0.16,13.153409872139761,2.247166330733851,0.21012979553191005,1.6501666895377826e-05,1.6501666895377826e-05,4.2106559991490534e-16,0.0,0.7180857639153855
0.42,2.4,0.23,0.015,0.32,0.21000000000000002,0.27999999999999997,13.153001746629187,2.399915427468009,0.2713932818912037,3.427818846557518e-05,3.427818846557518e-05,2.649651697151594e-16,0.0,0.7191713637921571
0.42,2.4,0.23,0.015,0.44,0.18,0.18,13.152331802313421,2.5820107401835717,0.2308938913099987,2.0163096090611288e-05,2.0163096090611288e-05,2.9355101681751947e-16,0.0,0.722648823780291
0.42,2.4,0.23,0.015,0.34,0.22,0.22,13.152567487590185,2.5212020861378206,0.2643408395956529,2.8100763329000356e-05,2.8100763329000356e-05,2.6137683692100577e-16,0.0,0.7249379916499747
0.42,2.4,0.23,0.015,0.4,0.2,0.18,13.152392330090661,2.565802672883393,0.24448774409031868,2.1608493255647482e-05,2.1608493255647482e-05,3.357513482450617e-16,0.0,0.7250232045207088
0.42,2.4,0.23,0.015,0.38,0.2,0.3,13.152629319132796,2.5145941634599067,0.261385092817043,3.616930741572044e-05,3.616930741572044e-05,3.996769807171327e-16,0.0,0.7277795189677572
0.42,2.4,0.23,0.015,0.34,0.22,0.18,13.152562132406159,2.517721671043616,0.25932599575799103,2.2873423359909273e-05,2.2873423359909273e-05,3.191072046653917e-16,0.0,0.7288238029096432
0.42,2.4,0.23,0.015,0.38,0.16,0.16,13.153380587617551,2.2561954218483318,0.20329747334504916,1.585865429451494e-05,1.585865429451494e-05,5.141622789041923e-16,0.0,0.7308521634523286
0.42,2.4,0.23,0.015,0.48,0.16,0.24,13.152177588781862,2.6312359357868416,0.21203511483781418,2.5171674879250622e-05,2.5171674879250622e-05,2.461567798823799e-16,0.0,0.7340164160379969
0.42,2.4,0.23,0.015,0.48,0.16,0.3,13.152180504016457,2.639540014354285,0.2153799595829936,3.1639653140649177e-05,3.1639653140649177e-05,2.8381754012426437e-16,0.0,0.7400841367904907
0.42,2.4,0.23,0.015,0.38,0.21000000000000002,0.22,13.152392519080989,2.5711575904308557,0.2545123773732528,2.7437018259354046e-05,2.7437018259354046e-05,2.333872040851058e-16,0.0,0.741116999156216
0.42,2.4,0.23,0.015,0.32,0.2,0.3,13.153228627355304,2.3321112950006313,0.26894654871710766,3.5278080436209475e-05,3.5278080436209475e-05,2.7836772012251205e-17,0.0,0.7437632398254215
0.42,2.4,0.23,0.015,0.38,0.21000000000000002,0.2,13.152390800425351,2.5691517183578623,0.25285120857138876,2.4881445344106246e-05,2.4881445344106246e-05,2.33115468641337e-16,0.0,0.7501158390542009
0.42,2.4,0.23,0.015,0.42,0.19,0.3,13.152383431750282,2.584770662122488,0.24802035869623185,3.5262301695818815e-05,3.5262301695818815e-05,2.4641699654462977e-17,0.0,0.753468832323123
0.42,2.4,0.23,0.015,0.32,0.18,0.2,13.15360500676652,2.1874801525762892,0.219578811701941,2.1365071945830122e-05,2.1365071945830122e-05,5.590078270294811e-16,0.0,0.7596683021029731
0.42,2.4,0.23,0.015,0.48,0.16,0.22,13.152178902085044,2.628473714390021,0.21354844083458244,2.301566301726385e-05,2.301566301726385e-05,1.909144264770908e-16,0.0,0.7721656567436992
0.42,2.4,0.23,0.015,0.38,0.21000000000000002,0.24,13.152395380271761,2.57316784131124,0.25725407193247585,2.9992581312688477e-05,2.9992581312688477e-05,1.393040738121564e-16,0.0,0.7749855496790609
0.42,2.4,0.23,0.015,0.4,0.2,0.27999999999999997,13.152402461414862,2.5766718197575824,0.2544456435117585,3.398693713321105e-05,3.398693713321105e-05,3.361584877609073e-16,0.0,0.7801663600406401
0.42,2.4,0.23,0.015,0.34,0.17,0.2,13.153606452432049,2.186029963569955,0.20958231713161238,2.0567448193523075e-05,2.0567448193523075e-05,4.587475535248145e-16,0.0,0.7810550562927858
0.42,2.4,0.23,0.015,0.45999999999999996,0.17,0.18,13.15226916897991,2.5994484984332904,0.225225841606267,1.943510686030353e-05,1.943510686030353e-05,1.4826558857623516e-16,0.0,0.7941970912243047
0.42,2.4,0.23,0.015,0.34,0.22,0.24,13.152571879005775,2.5229495846682752,0.26838324642341804,3.071441862861554e-05,3.071441862861554e-05,4.243039296488334e-16,0.0,0.7946900184256903
0.42,2.4,0.23,0.015,0.34,0.22,0.16,13.152561168635433,2.515988774048607,0.25841314244624547,2.025974056990218e-05,2.025974056990218e-05,5.108120015336193e-16,0.0,0.7985509292237472
0.42,2.4,0.23,0.015,0.36,0.16,0.2,13.153586317191492,2.1919871825107053,0.20016308484457218,1.976628051392204e-05,1.976628051392204e-05,3.1664584315848136e-16,0.0,0.7997029301634866
0.42,2.4,0.23,0.015,0.38,0.21000000000000002,0.18,13.152390224304106,2.567150235012403,0.25229191000325174,2.2325863485567893e-05,2.2325863485567893e-05,1.2125704688462978e-16,0.0,0.800581064805419
0.42,2.4,0.23,0.015,0.32,0.18,0.3,13.153633360990149,2.1974562863420095,0.24923529795476215,3.229113936922823e-05,3.229113936922823e-05,6.620840513688609e-16,0.0,0.8012658049728109
0.42,2.4,0.23,0.015,0.36,0.21000000000000002,0.27999999999999997,13.152614419736151,2.5162645669508565,0.2672953037389448,3.483039771680352e-05,3.483039771680352e-05,3.168650918009725e-16,0.0,0.8029539858196102
0.42,2.4,0.23,0.015,0.42,0.19,0.16,13.152375092327134,2.5684480078451184,0.23963409235713226,1.849174364084577e-05,1.849174364084577e-05,1.3368771143601116e-16,0.0,0.8102429325582617
0.42,2.4,0.23,0.015,0.32,0.22,0.26,13.152764970382954,2.4691982740445564,0.2749803305603636,3.3072920982413906e-05,3.3072920982413906e-05,3.3152058852421505e-16,0.0,0.8251954633994788
0.42,2.4,0.23,0.015,0.4,0.2,0.16,13.152393731434529,2.563641206420609,0.24588913425582035,1.9132777625024966e-05,1.9132777625024966e-05,5.983479091551972e-16,0.0,0.827881394238658
0.42,2.4,0.23,0.015,0.48,0.16,0.2,13.152181357912745,2.6257144098836305,0.21634990037584864,2.0859642891484648e-05,2.0859642891484648e-05,1.7780809852625942e-16,0.0,0.8321068321854248
0.42,2.4,0.23,0.015,0.44,0.18,0.16,13.152334873475091,2.579538226625578,0.23413259807644796,1.7847188497233102e-05,1.7847188497233102e-05,4.1039365223509004e-16,0.0,0.8373578181263526
0.42,2.4,0.23,0.015,0.32,0.18,0.18,13.153602763847822,2.1855004591045244,0.21706000609960266,1.917983228009318e-05,1.917983228009318e-05,4.872157993800125e-16,0.0,0.8475381827819487
0.42,2.4,0.23,0.015,0.38,0.21000000000000002,0.26,13.152399383998889,2.5751824610915315,0.2610422485475428,3.2548133585517947e-05,3.2548133585517947e-05,2.5529036094516037e-16,0.0,0.8539558422365101
0.42,2.4,0.23,0.015,0.34,0.17,0.18,13.153605044558748,2.1838572067390487,0.20792883666367215,1.8462123016874804e-05,1.8462123016874804e-05,2.326640266358232e-16,0.0,0.8803791519878701
0.42,2.4,0.23,0.015,0.38,0.21000000000000002,0.16,13.152390790716993,2.56515315032716,0.25284179394383144,1.977027360232711e-05,1.977027360232711e-05,3.1552958216443025e-16,0.0,0.8920324954607357
0.42,2.4,0.23,0.015,0.36,0.22,0.2,13.152367949732156,2.5766341266459833,0.262012716691935,2.567508913276298e-05,2.567508913276298e-05,2.644813366444824e-16,0.0,0.8996427334642013
0.42,2.4,0.23,0.015,0.44,0.19,0.24,13.152132049097844,2.6462378675248,0.23864001576545077,2.8299423170854987e-05,2.8299423170854987e-05,3.1406640350092767e-16,0.0,0.9002256768015426
0.42,2.4,0.23,0.015,0.36,0.16,0.18,13.153585744356384,2.1896290977695294,0.199460201497757,1.774088729832729e-05,1.774088729832729e-05,2.6715463148366007e-16,0.0,0.9040158163797758
0.42,2.4,0.23,0.015,0.34,0.16,0.27999999999999997,13.153799115752902,2.133616325412148,0.21860265314811544,2.759194125874151e-05,2.759194125874151e-05,3.19276315235784e-16,0.0,0.9062249037850425
0.42,2.4,0.23,0.015,0.45999999999999996,0.17,0.16,13.152273075016314,2.596831357758788,0.2294388654615006,1.7199128806478364e-05,1.7199128806478364e-05,7.260558645408544e-16,0.0,0.9099882208631196
0.42,2.4,0.23,0.015,0.44,0.19,0.22,13.152131552941714,2.643836114983848,0.23812967161735263,2.5881893236379128e-05,2.5881893236379128e-05,1.3204994949090191e-16,0.0,0.9107536867483128
0.42,2.4,0.23,0.015,0.34,0.16,0.3,13.153806097218247,2.1359107022800514,0.2262971627132391,2.9595478531662528e-05,2.9595478531662528e-05,2.566000318193106e-16,0.0,0.9113761172890833
0.42,2.4,0.23,0.015,0.34,0.21000000000000002,0.3,13.152821171454587,2.458966785672368,0.27605882347437605,3.70672407070706e-05,3.70672407070706e-05,1.6698909877249623e-16,0.0,0.9137820413792495
0.42,2.4,0.23,0.015,0.36,0.22,0.22,13.152370503319132,2.5784717817155585,0.26439161536215267,2.8310513082281663e-05,2.8310513082281663e-05,4.1069784371788315e-16,0.0,0.914746361677669
0.42,2.4,0.23,0.015,0.34,0.22,0.26,13.152577412972752,2.524701930813596,0.2733922888303027,3.332806288530721e-05,3.332806288530721e-05,3.4792775802075935e-16,0.0,0.9159590829944906
0.42,2.4,0.23,0.015,0.4,0.2,0.3,13.152407915294505,2.5788579417014983,0.25964808136714895,3.6462592825515366e-05,3.6462592825515366e-05,5.451463400903211e-16,0.0,0.9170347840434531
0.42,2.4,0.23,0.015,0.48,0.16,0.18,13.152184956265993,2.622958031010582,0.22039037711397053,1.870361527608541e-05,1.870361527608541e-05,1.3203606180954953e-16,0.0,0.9170628837620942
0.42,2.4,0.23,0.015,0.44,0.19,0.26,13.152133687770034,2.648643215084211,0.24031784644670626,3.071694293831431e-05,3.071694293831431e-05,2.2893421160762914e-16,0.0,0.92415445050565
0.42,2.4,0.23,0.015,0.45999999999999996,0.18,0.24,13.152077672280987,2.660690190845689,0.23004516712112333,2.7333495513669204e-05,2.7333495513669204e-05,1.164305929398576e-16,0.0,0.9246177526130964
0.42,2.4,0.23,0.015,0.32,0.21000000000000002,0.3,13.153010121520609,2.401657648709437,0.2788567687604792,3.676841398407224e-05,3.676841398407224e-05,1.8234024332906266e-16,0.0,0.9261228078692392
0.42,2.4,0.23,0.015,0.36,0.22,0.18,13.152366538676597,2.5748010983667697,0.2606888777781118,2.3039655953079052e-05,2.3039655953079052e-05,3.2703103403844366e-16,0.0,0.9307226020643904
0.42,2.4,0.23,0.015,0.45999999999999996,0.18,0.26,13.152078476077415,2.663239702791017,0.2309003360368323,2.967110093254205e-05,2.967110093254205e-05,3.271864208302551e-16,0.0,0.9309275705010582
0.42,2.4,0.23,0.015,0.34,0.16,0.26,13.153793276950584,2.131326657305965,0.21195311781121742,2.558839407108479e-05,2.558839407108479e-05,3.2319104749909004e-16,0.0,0.9361896758825796
0.42,2.4,0.23,0.015,0.42,0.2,0.22,13.152163515465386,2.6356085904313153,0.24648558147843339,2.676433482792437e-05,2.676433482792437e-05,5.134092827817462e-16,0.0,0.9383470546332796
0.42,2.4,0.23,0.015,0.42,0.2,0.24,13.152164846511795,2.63785910652755,0.24780615312602988,2.9261761583281726e-05,2.9261761583281726e-05,2.4869924687387885e-16,0.0,0.9456683221158334
0.42,2.4,0.23,0.015,0.45999999999999996,0.18,0.22,13.152078010997455,2.6581439856653906,0.23040591870145202,2.499588027691027e-05,2.499588027691027e-05,2.4857140756961984e-16,0.0,0.948081799486192
0.42,2.4,0.23,0.015,0.44,0.19,0.2,13.152132199301423,2.6414379668589407,0.23879429946709704,2.3464354003473187e-05,2.3464354003473187e-05,2.5312997939813826e-16,0.0,0.9552469932888045
0.42,2.4,0.23,0.015,0.32,0.18,0.16,13.153601663567766,2.1835259755304937,0.21581363993870056,1.6994585720180033e-05,1.6994585720180033e-05,5.665406925665917e-16,0.0,0.9586143009528968
0.42,2.4,0.23,0.015,0.45999999999999996,0.18,0.27999999999999997,13.152080422387096,2.665792512447566,0.23295803521441613,3.200869569384632e-05,3.200869569384632e-05,1.2129465468578442e-16,0.0,0.9678902136878739
0.42,2.4,0.23,0.015,0.32,0.17,0.26,13.153805097866785,2.128430251779229,0.22411585378297544,2.662763290325887e-05,2.662763290325887e-05,3.5188826692786295e-16,0.0,0.9679495780119118
0.42,2.4,0.23,0.015,0.42,0.2,0.2,13.152163326936046,2.633361957128901,0.24629796329876574,2.4266898455169855e-05,2.4266898455169855e-05,1.3120548642843498e-16,0.0,0.9693042786114078
0.42,2.4,0.23,0.015,0.32,0.17,0.27999999999999997,13.153811771732174,2.1305264840693643,0.23130147256650527,2.871110813186528e-05,2.871110813186528e-05,3.40752996798754e-16,0.0,0.9756977690210992
0.42,2.4,0.23,0.015,0.36,0.22,0.24,13.152374199438619,2.580314054006951,0.26779745831247886,3.094592685414302e-05,3.094592685414302e-05,3.947787207748831e-16,0.0,0.9778787955393654
0.42,2.4,0.23,0.015,0.38,0.21000000000000002,0.27999999999999997,13.15240453026408,2.5772014398770233,0.26583217301573986,3.5103674159243925e-05,3.5103674159243925e-05,2.3147348207939614e-16,0.0,0.9809637529742196
0.42,2.4,0.23,0.015,0.44,0.19,0.27999999999999997,13.15213646895899,2.651052148287892,0.2431389954035463,3.313445167018453e-05,3.313445167018453e-05,3.178536113790964e-16,0.0,0.9841262669888587
0.42,2.4,0.23,0.015,0.36,0.21000000000000002,0.3,13.152621403873983,2.5182000112943492,0.2736269121641224,3.7364171643027716e-05,3.7364171643027716e-05,4.584219107550877e-16,0.0,0.9894312417525739
0.42,2.4,0.23,0.015,0.42,0.2,0.26,13.152167320075845,2.640113495872193,0.2502417424647283,3.175917782377233e-05,3.175917782377233e-05,3.6004863788306563e-16,0.0,0.9924453528399892
0.42,2.4,0.23,0.015,0.34,0.16,0.24,13.153788580808815,2.1290417127463446,0.20644955427112005,2.3584837688661597e-05,2.3584837688661597e-05,3.356975672564808e-16,0.0,0.9946418874628478
0.42,2.4,0.23,0.015,0.32,0.17,0.24,13.153799566663125,2.126339147978444,0.2179810769335559,2.454414810424549e-05,2.454414810424549e-05,3.7239944152312455e-16,0.0,0.9962166363593029
0.42,2.4,0.23,0.015,0.34,0.17,0.16,13.153604779325219,2.1816892966881043,0.20761585830271556,1.6356791205488636e-05,1.6356791205488636e-05,4.796459435657648e-16,0.0,0.9970908529210146
0.42,2.4,0.23,0.015,0.45999999999999996,0.18,0.2,13.152079492226951,2.6556010963302548,0.23197691812377758,2.2658256061978965e-05,2.2658256061978965e-05,2.907130787616954e-16,0.0,1.0016917184429228
0.42,2.4,0.23,0.015,0.36,0.22,0.16,13.152366270151846,2.5729727064528634,0.2604361882405675,2.0404214490666456e-05,2.0404214490666456e-05,5.530993810683772e-16,0.0,1.0069298138102667
0.42,2.4,0.23,0.015,0.32,0.22,0.27999999999999997,13.152772342263146,2.47085545282801,0.2814767981838987,3.5664781232937204e-05,3.5664781232937204e-05,2.366642238023744e-16,0.0,1.0115910580605827
0.42,2.4,0.23,0.015,0.48,0.17,0.26,13.152001685194993,2.683803968887606,0.22205365710509664,2.8621678913379883e-05,2.8621678913379883e-05,3.5462275854343917e-16,0.0,1.0138602818714373
0.42,2.4,0.23,0.015,0.48,0.17,0.24,13.152001716252178,2.681117856595172,0.22208794958097225,2.636400359594393e-05,2.636400359594393e-05,6.847182317847689e-16,0.0,1.0197705939582764
0.42,2.4,0.23,0.015,0.36,0.16,0.16,13.153586314160592,2.187275463413029,0.20015937234613143,1.5715487708695824e-05,1.5715487708695824e-05,2.7277940598211346e-16,0.0,1.0203775194449127
0.42,2.4,0.23,0.015,0.32,0.17,0.3,13.153819588262122,2.132627830101522,0.23944334555430144,3.079457304120889e-05,3.079457304120889e-05,3.738444804252236e-16,0.0,1.0256690834857016
0.42,2.4,0.23,0.015,0.48,0.16,0.16,13.15218969714629,2.6202045865447787,0.225603309680302,1.654758094525935e-05,1.654758094525935e-05,2.479357738161907e-16,0.0,1.0314015526478386
0.42,2.4,0.23,0.015,0.4,0.21000000000000002,0.22,13.152173898441161,2.633518406125402,0.2554116006193828,2.7643181955621515e-05,2.7643181955621515e-05,1.5715292638455129e-16,0.0,1.0318559077521237
0.42,2.4,0.23,0.015,0.48,0.17,0.27999999999999997,13.152002796645961,2.6864930870533392,0.22327761164099946,3.087934395254108e-05,3.087934395254108e-05,5.7994346145791e-16,0.0,1.033492969631867
0.42,2.4,0.23,0.015,0.44,0.19,0.18,13.152133988177226,2.6390434325710315,0.24062416331554073,2.1046806340723617e-05,2.1046806340723617e-05,2.2412533322857246e-16,0.0,1.0343442317179767
0.42,2.4,0.23,0.015,0.45999999999999996,0.18,0.3,13.152083511210867,2.6683486107878367,0.23618683678889849,3.434627895789258e-05,3.434627895789258e-05,1.5021424486593906e-16,0.0,1.03756832805735
0.42,2.4,0.23,0.015,0.42,0.2,0.18,13.152164280923671,2.6311192161851236,0.2472458777536344,2.1769453362477376e-05,2.1769453362477376e-05,2.577013320254116e-16,0.0,1.0383704615506064
0.42,2.4,0.23,0.015,0.4,0.21000000000000002,0.2,13.152172875009551,2.6314291179016296,0.25442718706096124,2.506586844355438e-05,2.506586844355438e-05,2.7294276656383667e-16,0.0,1.0448248312007122
0.42,2.4,0.23,0.015,0.48,0.17,0.22,13.15200288981752,2.678434758763147,0.22337990956851456,2.410631881105338e-05,2.410631881105338e-05,4.599006189758995e-16,0.0,1.0512617086554918
0.42,2.4,0.23,0.015,0.32,0.17,0.22,13.153795178118846,2.124253187440249,0.21298796493761588,2.2460654483674042e-05,2.2460654483674042e-05,2.862352873051129e-16,0.0,1.0545381079386813
0.42,2.4,0.23,0.015,0.4,0.21000000000000002,0.24,13.152176064389485,2.6356118393830155,0.2574825614191565,3.0220485532625463e-05,3.0220485532625463e-05,1.997268734375037e-16,0.0,1.0618181338637762
0.42,2.4,0.23,0.015,0.34,0.16,0.22,13.1537850273256,2.1267615065551713,0.2021855655744748,2.158127283145156e-05,2.158127283145156e-05,3.8529219854580567e-16,0.0,1.0754382314845905
0.42,2.4,0.23,0.015,0.48,0.17,0.3,13.152005050605574,2.689185202533394,0.22573934753379832,3.313699790266286e-05,3.313699790266286e-05,4.174075293187529e-16,0.0,1.0800119106169812
0.42,2.4,0.23,0.015,0.42,0.2,0.27999999999999997,13.152170936158598,2.642371748939299,0.2537602456963696,3.425658265196821e-05,3.425658265196821e-05,3.430396484271482e-16,0.0,1.0807851567199471
0.42,2.4,0.23,0.015,0.44,0.19,0.3,13.152140392665904,2.653464657785066,0.24706430013619557,3.555194849789653e-05,3.555194849789653e-05,2.3633836761876085e-16,0.0,1.0827113463114124
0.42,2.4,0.23,0.015,0.45999999999999996,0.18,0.18,13.152082115970087,2.6530615319467503,0.23473386718501904,2.032062370855431e-05,2.032062370855431e-05,1.287338396713809e-16,0.0,1.0870417842837006
0.42,2.4,0.23,0.015,0.36,0.22,0.26,13.152379038092198,2.582160933958163,0.27219169880276717,3.3581329500900065e-05,3.3581329500900065e-05,5.516325188437972e-16,0.0,1.0915698539059384
0.42,2.4,0.23,0.015,0.34,0.22,0.27999999999999997,13.152584089493464,2.5264591147973676,0.2793159668349785,3.594169515935483e-05,3.594169515935483e-05,2.4249625572017225e-16,0.0,1.0921578478076586
0.42,2.4,0.23,0.015,0.4,0.21000000000000002,0.18,13.152172994094204,2.6293439842361463,0.2545419273729004,2.2488545922752512e-05,2.2488545922752512e-05,1.6513278242593513e-16,0.0,1.0998973449965623
0.42,2.4,0.23,0.015,0.48,0.17,0.2,13.152005205891497,2.675754684006814,0.22590796038498145,2.1848625369500635e-05,2.1848625369500635e-05,5.695711002395309e-16,0.0,1.1097493366778002
0.42,2.4,0.23,0.015,0.4,0.21000000000000002,0.26,13.152179372855452,2.637709408164648,0.260614168102967,3.2797778248234294e-05,3.2797778248234294e-05,1.1986079357782427e-16,0.0,1.1364114949473014
0.42,2.4,0.23,0.015,0.32,0.17,0.2,13.153791932232085,2.1221723849635654,0.20921827327457654,2.0377152790417713e-05,2.0377152790417713e-05,3.4067116017551096e-16,0.0,1.1375481796699858
0.42,2.4,0.23,0.015,0.42,0.2,0.16,13.152166377428653,2.6288803771841533,0.24931637307528523,1.9272000447323467e-05,1.9272000447323467e-05,4.2177554821971565e-16,0.0,1.1463952502565788
0.42,2.4,0.23,0.015,0.44,0.19,0.16,13.15213691956986,2.6366525215644243,0.24359300486815294,1.8629251116696055e-05,1.8629251116696055e-05,1.1279871831408563e-16,0.0,1.1497682767559112
0.42,2.4,0.23,0.015,0.38,0.21000000000000002,0.3,13.152410819069521,2.579224767785904,0.2715708444168139,3.765920211527482e-05,3.765920211527482e-05,2.592804154664029e-16,0.0,1.1594876217612724
0.42,2.4,0.23,0.015,0.34,0.16,0.2,13.153782616499427,2.1244860535912387,0.1992407528091429,1.9577700219399613e-05,1.9577700219399613e-05,3.224515690736038e-16,0.0,1.173354253036739
0.42,2.4,0.23,0.015,0.38,0.22,0.2,13.152160843458297,2.6356529708283927,0.26312397983007213,2.586124276103552e-05,2.586124276103552e-05,4.599867983686433e-16,0.0,1.184858187084054
0.42,2.4,0.23,0.015,0.38,0.22,0.22,13.152162701799348,2.637580160049582,0.26485007469989996,2.8518411289840673e-05,2.8518411289840673e-05,2.5182858874285543e-16,0.0,1.1942463319518857
0.42,2.4,0.23,0.015,0.4,0.21000000000000002,0.16,13.152174255695156,2.627263014667932,0.25575434218547444,1.991121531955825e-05,1.991121531955825e-05,1.6312051387277188e-16,0.0,1.1971702432511877
0.42,2.4,0.23,0.015,0.48,0.17,0.18,13.152008664475074,2.673077640969675,0.22963128057890717,1.959092408209892e-05,1.959092408209892e-05,5.848501278288997e-16,0.0,1.1979120945255122
0.42,2.4,0.23,0.015,0.45999999999999996,0.18,0.16,13.152085882227949,2.6505253016476966,0.23863566566150227,1.7982984056336138e-05,1.7982984056336138e-05,2.5232699376136906e-16,0.0,1.2068288702304741
0.42,2.4,0.23,0.015,0.42,0.2,0.3,13.152175694761592,2.644633856222443,0.2583174159326119,3.67539751703963e-05,3.67539751703963e-05,3.3902431569830154e-16,0.0,1.213591595693614
0.42,2.4,0.23,0.015,0.38,0.22,0.18,13.152160127631223,2.633730176488255,0.2624560649080955,2.3204064935989505e-05,2.3204064935989505e-05,3.214672422566034e-16,0.0,1.2219215652384519
0.42,2.4,0.23,0.015,0.32,0.17,0.18,13.153789829001456,2.120096755372763,0.2067389366217886,1.829364377334622e-05,1.829364377334622e-05,3.737525285998334e-16,0.0,1.2408536259194411
0.42,2.4,0.23,0.015,0.38,0.22,0.24,13.152165702655177,2.639511734855467,0.26761387467598924,3.117556956721071e-05,3.117556956721071e-05,3.2033079325795e-16,0.0,1.2514298742695744
0.42,2.4,0.23,0.015,0.4,0.21000000000000002,0.27999999999999997,13.152183823840474,2.639811102975187,0.2647687882885852,3.537505917611261e-05,3.537505917611261e-05,3.343119774154286e-16,0.0,1.2581057845731072
0.42,2.4,0.23,0.015,0.32,0.22,0.3,13.15278085671706,2.472517706808316,0.2887983415068962,3.8256628659451286e-05,3.8256628659451286e-05,2.436099745833858e-16,0.0,1.2583272632911169
0.42,2.4,0.23,0.015,0.36,0.22,0.27999999999999997,13.152385019281922,2.5840124120138905,0.27752739124868003,3.621672007507459e-05,3.621672007507459e-05,2.3669044773358524e-16,0.0,1.2589004881082724
0.42,2.4,0.23,0.015,0.34,0.16,0.18,13.153781348329268,2.122215368750118,0.1976740813420542,1.7574120572513147e-05,1.7574120572513147e-05,2.28878545361685e-16,0.0,1.2845196899823923
0.42,2.4,0.23,0.015,0.38,0.22,0.16,13.15216055431781,2.6318117863346737,0.26285439658316057,2.0546878769917704e-05,2.0546878769917704e-05,4.0683796253499174e-16,0.0,1.304906837147348
0.42,2.4,0.23,0.015,0.48,0.17,0.16,13.152013265569698,2.6704036383234957,0.23449294088574066,1.733321575965105e-05,1.733321575965105e-05,4.757670865758964e-16,0.0,1.3194856417688077
0.42,2.4,0.23,0.015,0.34,0.22,0.3,13.152591908570747,2.528221126846673,0.28609747310857697,3.8555314511037886e-05,3.8555314511037886e-05,3.36357609115872e-16,0.0,1.3270144166475297
0.42,2.4,0.23,0.015,0.45999999999999996,0.19,0.24,13.151880279475042,2.715989391642364,0.24023781719911066,2.8522002834169974e-05,2.8522002834169974e-05,3.1905061805754733e-16,0.0,1.348939419810931
0.42,2.4,0.23,0.015,0.44,0.2,0.22,13.151923259403153,2.702500986942174,0.24828476560841614,2.6966916698251825e-05,2.6966916698251825e-05,3.3709977960259094e-16,0.0,1.3564839033272218
0.42,2.4,0.23,0.015,0.32,0.16,0.27999999999999997,13.153987378594467,2.0674743140908367,0.221355779904143,2.7314257218701704e-05,2.7314257218701704e-05,2.8202213892606686e-16,0.0,1.3580164765198988
0.42,2.4,0.23,0.015,0.38,0.22,0.26,13.15216984602707,2.64144768595896,0.271383677280159,3.383271663795137e-05,3.383271663795137e-05,4.027403489371965e-16,0.0,1.3584894596443755
0.42,2.4,0.23,0.015,0.45999999999999996,0.19,0.22,13.151880478464973,2.7135224021666646,0.24044083692455775,2.608275232486232e-05,2.608275232486232e-05,3.15066091964006e-16,0.0,1.3599296630099935
0.42,2.4,0.23,0.015,0.32,0.17,0.16,13.15378886842606,2.1180263135174258,0.2055966423645203,1.6210128181315397e-05,1.6210128181315397e-05,5.676901625254901e-16,0.0,1.3613899219196903
0.42,2.4,0.23,0.015,0.44,0.2,0.24,13.151923895272272,2.704823235649925,0.24891195657680187,2.948606672074222e-05,2.948606672074222e-05,2.5113754784692606e-16,0.0,1.3618495554250623
0.42,2.4,0.23,0.015,0.32,0.16,0.3,13.153995055508863,2.0696754867336806,0.22970114637274236,2.9295970222203288e-05,2.9295970222203288e-05,4.360277795305407e-16,0.0,1.3688762784547481
0.42,2.4,0.23,0.015,0.45999999999999996,0.19,0.26,13.151881222980354,2.718459766469645,0.2411989138900837,3.0961243097486074e-05,3.0961243097486074e-05,3.1851195339165324e-16,0.0,1.3730603758836035
0.42,2.4,0.23,0.015,0.32,0.16,0.26,13.153980844359985,2.0652782040157724,0.2139963442086933,2.5332534399076512e-05,2.5332534399076512e-05,6.124191189327598e-16,0.0,1.385780534416725
0.42,2.4,0.23,0.015,0.44,0.2,0.2,13.15192376603126,2.700182402979214,0.2487846074380755,2.4447756986501618e-05,2.4447756986501618e-05,5.119583830704078e-16,0.0,1.390232919446998
0.42,2.4,0.23,0.015,0.45999999999999996,0.19,0.2,13.15188181995021,2.7110588068660406,0.24180504088529342,2.364349244586561e-05,2.364349244586561e-05,5.475217106567442e-16,0.0,1.4062233102531392
0.42,2.4,0.23,0.015,0.34,0.16,0.16,13.153781222814574,2.119949466964019,0.19751834723757436,1.5570534610744036e-05,1.5570534610744036e-05,3.866468647677775e-16,0.0,1.406781614264875
0.42,2.4,0.23,0.015,0.44,0.2,0.26,13.1519256736389,2.7071491400658503,0.25065772037006784,3.200520614877328e-05,3.200520614877328e-05,3.397423930161301e-16,0.0,1.4068852673291998
0.42,2.4,0.23,0.015,0.48,0.18,0.24,13.15181508457042,2.7330479828325287,0.23216760731499467,2.7554355247368795e-05,2.7554355247368795e-05,2.522524449067316e-16,0.0,1.4133904243657638
0.42,2.4,0.23,0.015,0.48,0.18,0.26,13.151815193234189,2.735656002873161,0.23228234609402107,2.9913679018878786e-05,2.9913679018878786e-05,3.262686987403133e-16,0.0,1.421617702692229
0.42,2.4,0.23,0.015,0.42,0.21000000000000002,0.22,13.151944461056384,2.697451141643604,0.2567282334480718,2.784749172259765e-05,2.784749172259765e-05,2.592729801251179e-16,0.0,1.4258710759641202
0.42,2.4,0.23,0.015,0.4,0.21000000000000002,0.3,13.152189417346445,2.6419169143343253,0.26989918360322546,3.79523273899493e-05,3.79523273899493e-05,2.490702894125185e-16,0.0,1.4300011490870217
0.42,2.4,0.23,0.015,0.45999999999999996,0.19,0.27999999999999997,13.15188330898132,2.720933517848237,0.24331033230712662,3.3400472238518525e-05,3.3400472238518525e-05,3.201076022155793e-16,0.0,1.4331979905905772
0.42,2.4,0.23,0.015,0.48,0.18,0.22,13.151816118398035,2.7304430709457908,0.23325694665977914,2.5195021579622195e-05,2.5195021579622195e-05,2.3106441815054987e-16,0.0,1.4361329086310697
0.42,2.4,0.23,0.015,0.42,0.21000000000000002,0.2,13.151944132810465,2.695283568170904,0.2564145290850002,2.5248451630197066e-05,2.5248451630197066e-05,2.5163059469640905e-16,0.0,1.4429174913163614
0.42,2.4,0.23,0.015,0.32,0.16,0.24,13.153975452802642,2.063087172281403,0.2077276553848788,2.335080247554966e-05,2.335080247554966e-05,3.4861913505571803e-16,0.0,1.4452892590782884
0.42,2.4,0.23,0.015,0.42,0.21000000000000002,0.24,13.15194593179986,2.699622637979623,0.2581291406767363,3.044652180744789e-05,3.044652180744789e-05,2.502642998966748e-16,0.0,1.4521745796355632
0.42,2.4,0.23,0.015,0.48,0.18,0.27999999999999997,13.15181644438941,2.738267122628744,0.2335993887686232,3.227299204674669e-05,3.227299204674669e-05,2.241272213515155e-16,0.0,1.4609313674146234
0.42,2.4,0.23,0.015,0.44,0.2,0.18,13.15192541515679,2.6978674928176893,0.2504047330006196,2.192858849066337e-05,2.192858849066337e-05,2.5844760110426424e-16,0.0,1.4635392664157827
0.42,2.4,0.23,0.015,0.36,0.22,0.3,13.152392143010337,2.5858684786256707,0.28375143104592576,3.885209762923003e-05,3.885209762923003e-05,4.084385149916498e-16,0.0,1.4833557934795414
0.42,2.4,0.23,0.015,0.45999999999999996,0.19,0.18,13.15188430393131,2.708598614587203,0.2443109780636795,2.120422407349623e-05,2.120422407349623e-05,3.9741876896497493e-16,0.0,1.4890965781516505
0.42,2.4,0.23,0.015,0.48,0.18,0.2,13.15181829471747,2.727841275677347,0.23553365815993832,2.2835678863058345e-05,2.2835678863058345e-05,3.2229988096187792e-16,0.0,1.4909412598761378
0.42,2.4,0.23,0.015,0.44,0.2,0.27999999999999997,13.151928594503804,2.709478691173392,0.2534989482965649,3.452433407718017e-05,3.452433407718017e-05,5.097135955591513e-16,0.0,1.4931077138569036
0.42,2.4,0.23,0.015,0.42,0.21000000000000002,0.18,13.151944947061953,2.693119926665405,0.25719200588466784,2.2649402464297586e-05,2.2649402464297586e-05,3.158536801708207e-16,0.0,1.503052526224449
0.42,2.4,0.23,0.015,0.38,0.22,0.27999999999999997,13.152175131916788,2.643388004082364,0.27611828111143605,3.648985154687881e-05,3.648985154687881e-05,3.3264029425423813e-16,0.0,1.5181290580143953
0.42,2.4,0.23,0.015,0.42,0.21000000000000002,0.26,13.151948545041536,2.7017980480910984,0.260599717904561,3.304554095067552e-05,3.304554095067552e-05,4.1117886751946205e-16,0.0,1.522978779343714
0.42,2.4,0.23,0.015,0.32,0.16,0.22,13.153971203920156,2.06090123469532,0.20265096044965034,2.136906216031534e-05,2.136906216031534e-05,4.33293852972861e-16,0.0,1.529897652614039
0.42,2.4,0.23,0.015,0.45999999999999996,0.19,0.3,13.151886537478838,2.7234106370010935,0.2465425197365041,3.583968938096829e-05,3.583968938096829e-05,2.283188711355106e-16,0.0,1.5312918067732462
0.42,2.4,0.23,0.015,0.48,0.18,0.3,13.151818838036627,2.740881333685767,0.23609861554153402,3.463229348355662e-05,3.463229348355662e-05,2.7844338261797255e-16,0.0,1.532651935592308
0.42,2.4,0.23,0.015,0.4,0.22,0.2,13.151942920195296,2.696394888528411,0.26463854658474106,2.604555528790478e-05,2.604555528790478e-05,4.546134048744242e-16,0.0,1.5661963859472203
0.42,2.4,0.23,0.015,0.4,0.22,0.22,13.151944083326088,2.6984063986014477,0.2657140779798849,2.8724454186730697e-05,2.8724454186730697e-05,2.5244920622608646e-16,0.0,1.5700153984490475
0.42,2.4,0.23,0.015,0.44,0.2,0.16,13.151928206780422,2.695556265534226,0.2531236319336984,1.9409412115940078e-05,1.9409412115940078e-05,5.005646715435963e-16,0.0,1.5778142780734785
0.42,2.4,0.23,0.015,0.48,0.18,0.18,13.15182161352962,2.725242605517073,0.2389638063444751,2.0476327945086192e-05,2.0476327945086192e-05,4.1746734067709834e-16,0.0,1.5800422338786035
0.42,2.4,0.23,0.015,0.42,0.21000000000000002,0.16,13.15194690381117,2.69096022624694,0.259050839275099,2.0050345158950655e-05,2.0050345158950655e-05,4.043771213029774e-16,0.0,1.6069206534460407
0.42,2.4,0.23,0.015,0.4,0.22,0.18,13.151942899560312,2.6943875507088606,0.26461942622575196,2.33666470274424e-05,2.33666470274424e-05,1.0989339726574956e-16,0.0,1.609420757970525
0.42,2.4,0.23,0.015,0.45999999999999996,0.19,0.16,13.151887930409302,2.7061418342000727,0.2479240299877801,1.8764948084049743e-05,1.8764948084049743e-05,3.236851766878346e-16,0.0,1.6108210106991525
0.42,2.4,0.23,0.015,0.4,0.22,0.24,13.151946388953192,2.700422071947097,0.2678332940998773,3.140334276101678e-05,3.140334276101678e-05,1.41956143494815e-16,0.0,1.6217131525216772
0.42,2.4,0.23,0.015,0.44,0.2,0.3,13.151932657868233,2.711811879976086,0.2573993669903547,3.704344960077724e-05,3.704344960077724e-05,5.486873727539258e-16,0.0,1.6228974626524755
0.42,2.4,0.23,0.015,0.32,0.16,0.2,13.153968097710719,2.058720407099592,0.1988575727645028,1.9387314165602437e-05,1.9387314165602437e-05,4.310474782145849e-16,0.0,1.6336125874825278
0.42,2.4,0.23,0.015,0.42,0.21000000000000002,0.27999999999999997,13.151952300782531,2.7039773629062474,0.26410994860062414,3.56445482182291e-05,3.56445482182291e-05,2.289481773975831e-16,0.0,1.6402536515160762
0.42,2.4,0.23,0.015,0.4,0.22,0.16,13.151944021421107,2.692384394134962,0.26565694498966225,2.0687730368288554e-05,2.0687730368288554e-05,5.044109356281289e-16,0.0,1.6996733102161934
0.42,2.4,0.23,0.015,0.48,0.18,0.16,13.151826074835872,2.722647068980355,0.24349865087243858,1.811696967314591e-05,1.811696967314591e-05,3.9119312519549436e-16,0.0,1.7066341212879794
0.42,2.4,0.23,0.015,0.4,0.22,0.26,13.151949837077602,2.7024418995958697,0.2709717086723345,3.408222004782843e-05,3.408222004782843e-05,2.570758353387074e-16,0.0,1.7228967094088252
0.42,2.4,0.23,0.015,0.38,0.22,0.3,13.152181560326584,2.645332679957486,0.28176905523587814,3.914697333879877e-05,3.914697333879877e-05,2.6502975598539715e-16,0.0,1.7335401599353526
0.42,2.4,0.23,0.015,0.32,0.16,0.18,13.153966134173006,2.056544705370549,0.19642185789219982,1.740555920359821e-05,1.740555920359821e-05,5.214871343679755e-16,0.0,1.7515531096573198
0.42,2.4,0.23,0.015,0.42,0.21000000000000002,0.3,13.151957199024443,2.7061605733694436,0.2686190782016447,3.824354267607452e-05,3.824354267607452e-05,3.182874869364278e-16,0.0,1.806673814884048
0.42,2.4,0.23,0.015,0.4,0.22,0.27999999999999997,13.151954427700787,2.704465872589762,0.27509444129378163,3.676108508424841e-05,3.676108508424841e-05,2.4359434006791815e-16,0.0,1.8758552019543746
0.42,2.4,0.23,0.015,0.32,0.16,0.16,13.153965313306179,2.054374145418573,0.19539459516340435,1.5423797986548887e-05,1.5423797986548887e-05,7.226557457783628e-16,0.0,1.8803860858238206
0.42,2.4,0.23,0.015,0.45999999999999996,0.2,0.22,13.151672187162475,2.7707122161770408,0.2505019828724903,2.716764200164437e-05,2.716764200164437e-05,6.543840509000426e-17,0.0,1.8913492188616252
0.42,2.4,0.23,0.015,0.45999999999999996,0.2,0.24,13.151672127897067,2.7731015896803197,0.25044396266226987,2.970850122671967e-05,2.970850122671967e-05,2.4522649538521457e-16,0.0,1.8944879692129453
0.42,2.4,0.23,0.015,0.48,0.19,0.24,13.151617693980796,2.7869118269471724,0.24227069975219967,2.8742713223978145e-05,2.8742713223978145e-05,3.2977602011027253e-16,0.0,1.9211734859805087
0.42,2.4,0.23,0.015,0.45999999999999996,0.2,0.2,13.15167338890454,2.7683263024575187,0.25167559014735696,2.4626773016102332e-05,2.4626773016102332e-05,5.307261663345527e-16,0.0,1.9285266918896495
0.42,2.4,0.23,0.015,0.44,0.21000000000000002,0.22,13.151704207250882,2.7628466796587183,0.25845586245093705,2.8049943678817857e-05,2.8049943678817857e-05,7.667676449876647e-16,0.0,1.9293959895722717
0.42,2.4,0.23,0.015,0.48,0.19,0.22,13.151618588071353,2.7843839394368093,0.2431739595389026,2.628175601141619e-05,2.628175601141619e-05,3.1484633726743374e-16,0.0,1.93323631895974
0.42,2.4,0.23,0.015,0.45999999999999996,0.2,0.26,13.151673211108305,2.775494414436154,0.25150230161419873,3.224934977840918e-05,3.224934977840918e-05,3.331510353688729e-16,0.0,1.937892449473631
0.42,2.4,0.23,0.015,0.48,0.19,0.26,13.151617942363929,2.789442904094406,0.2425219676303917,3.1203660112243126e-05,3.1203660112243126e-05,3.3366494044250993e-16,0.0,1.9452871276502512
0.42,2.4,0.23,0.015,0.44,0.21000000000000002,0.2,13.151704574149832,2.7606056412541484,0.25880372326997136,2.5429191264199347e-05,2.5429191264199347e-05,5.12125509981241e-16,0.0,1.9508476839070947
0.42,2.4,0.23,0.015,0.44,0.21000000000000002,0.24,13.151704982829607,2.765091430445232,0.2591906472774963,3.067068601405806e-05,3.067068601405806e-05,4.839303331463949e-16,0.0,1.952057935441077
0.42,2.4,0.23,0.015,0.48,0.19,0.2,13.151620624635958,2.7818592498316312,0.2452189892437684,2.3820789358586225e-05,2.3820789358586225e-05,5.096445898034089e-16,0.0,1.9823126669410625
0.42,2.4,0.23,0.015,0.48,0.19,0.27999999999999997,13.151619333220873,2.7919771626329637,0.2439241953514903,3.36645957922134e-05,3.36645957922134e-05,2.30849430522353e-16,0.0,2.005811531672923
0.42,2.4,0.23,0.015,0.45999999999999996,0.2,0.18,13.15167573312375,2.765943857073204,0.25394931812079896,2.2085895182995252e-05,2.2085895182995252e-05,1.5181680050158772e-16,0.0,2.007035153581177
0.42,2.4,0.23,0.015,0.44,0.21000000000000002,0.18,13.151706083526598,2.75836832390091,0.26022988808754743,2.280842971197697e-05,2.280842971197697e-05,7.435319059523439e-16,0.0,2.016697741543886
0.42,2.4,0.23,0.015,0.44,0.21000000000000002,0.26,13.151706900886355,2.7673398849612396,0.26099893406306734,3.329141732812818e-05,3.329141732812818e-05,6.317025966218028e-16,0.0,2.019433731673387
0.42,2.4,0.23,0.015,0.45999999999999996,0.2,0.27999999999999997,13.15167543679666,2.77789068193361,0.25366302700788684,3.4790186743835494e-05,3.4790186743835494e-05,2.637414435986325e-16,0.0,2.0224797552869944
0.42,2.4,0.23,0.015,0.42,0.22,0.22,13.151714648209108,2.760836960623276,0.26697965669235885,2.892863795034284e-05,2.892863795034284e-05,5.688980611589652e-16,0.0,2.048362389058293
0.42,2.4,0.23,0.015,0.42,0.22,0.2,13.151714180250421,2.758746070415386,0.26654951017839573,2.6228023132436606e-05,2.6228023132436606e-05,6.18492781934929e-16,0.0,2.050174032292322
0.42,2.4,0.23,0.015,0.48,0.19,0.18,13.151623803675463,2.779337766422732,0.24837758795006332,2.13598141495068e-05,2.13598141495068e-05,3.202650268008264e-16,0.0,2.0702529909178433
0.42,2.4,0.23,0.015,0.4,0.22,0.3,13.151960160824704,2.706493981982349,0.28015804037103775,3.9439936907362944e-05,3.9439936907362944e-05,1.2751102580711057e-16,0.0,2.0834402040697846
0.42,2.4,0.23,0.015,0.42,0.22,0.24,13.15171625864491,2.7629318016174373,0.2684546980174357,3.162924237123943e-05,3.162924237123943e-05,6.500678043485579e-16,0.0,2.0948287783143518
0.42,2.4,0.23,0.015,0.42,0.22,0.18,13.15171485476864,2.756659139628338,0.2671693054035829,2.3527398888181783e-05,2.3527398888181783e-05,5.077664072181106e-16,0.0,2.0999323322413095
0.42,2.4,0.23,0.015,0.48,0.19,0.3,13.151621866552228,2.7945145943400616,0.24645773844006896,3.612551937985653e-05,3.612551937985653e-05,3.4804666296870305e-16,0.0,2.1040359787449714
0.42,2.4,0.23,0.015,0.44,0.21000000000000002,0.16,13.151708735381801,2.7561347362852766,0.2627167966466645,2.0187659963932097e-05,2.0187659963932097e-05,5.753165359488419e-16,0.0,2.1280983150995043
0.42,2.4,0.23,0.015,0.45999999999999996,0.2,0.16,13.151679219821077,2.763564888595773,0.2572940028211339,1.954500941522483e-05,1.954500941522483e-05,3.3223974079183215e-16,0.0,2.128788235028938
0.42,2.4,0.23,0.015,0.44,0.21000000000000002,0.27999999999999997,13.151709961421947,2.769592034571275,0.26385865281177817,3.591213667927112e-05,3.591213667927112e-05,5.604673833755764e-16,0.0,2.1329718357129006
0.42,2.4,0.23,0.015,0.45999999999999996,0.2,0.3,13.151678804963089,2.7802903836820363,0.25689832440520727,3.733101121009344e-05,3.733101121009344e-05,3.1730802468912006e-16,0.0,2.1500753054613355
0.42,2.4,0.23,0.015,0.42,0.22,0.26,13.15171901155853,2.76503058477628,0.27095757005516663,3.432983542450349e-05,3.432983542450349e-05,5.611582430152188e-16,0.0,2.1906931586434295
0.42,2.4,0.23,0.015,0.42,0.22,0.16,13.151716671764028,2.7545761769096115,0.2688317804752129,2.0826766188232482e-05,2.0826766188232482e-05,5.892253289659445e-16,0.0,2.1981136354933795
0.42,2.4,0.23,0.015,0.48,0.19,0.16,13.151628125191188,2.7768194975239933,0.2526079869909031,1.8898831268213817e-05,1.8898831268213817e-05,4.59553181894801e-16,0.0,2.199798098094552
0.42,2.4,0.23,0.015,0.44,0.21000000000000002,0.3,13.151714164437696,2.7718478706569027,0.26773611422638777,3.853284312570898e-05,3.853284312570898e-05,6.401273597381566e-16,0.0,2.2948831798902565
0.42,2.4,0.23,0.015,0.42,0.22,0.27999999999999997,13.15172290695114,2.76713330149127,0.2744601550653464,3.703041613948438e-05,3.703041613948438e-05,5.458414302977325e-16,0.0,2.3378008398634544
0.42,2.4,0.23,0.015,0.42,0.22,0.3,13.151727944824405,2.769239943167001,0.2789247939952348,3.973098354555227e-05,3.973098354555227e-05,6.063587510468526e-16,0.0,2.5386232364198733
0.42,2.4,0.23,0.015,0.45999999999999996,0.21000000000000002,0.22,13.151453137363362,2.829603604853026,0.2605862772050357,2.8250533885210843e-05,2.8250533885210843e-05,2.3557455384859457e-16,0.0,2.548371176845884
0.42,2.4,0.23,0.015,0.48,0.2,0.22,13.151410299096536,2.8401472618874224,0.2531262091525016,2.7366506740185426e-05,2.7366506740185426e-05,3.2249122957857785e-16,0.0,2.5487268086206685
0.42,2.4,0.23,0.015,0.48,0.2,0.24,13.15140954474185,2.8425994726454875,0.25239437183482477,2.992906086190031e-05,2.992906086190031e-05,3.217456124698253e-16,0.0,2.549138155062139
0.42,2.4,0.23,0.015,0.45999999999999996,0.21000000000000002,0.24,13.151453217819915,2.831917103995708,0.26066197669511254,3.0892973971932e-05,3.0892973971932e-05,4.994260301081312e-16,0.0,2.567188245157689
0.42,2.4,0.23,0.015,0.45999999999999996,0.21000000000000002,0.2,13.151454199363872,2.82729361919651,0.26158372212435166,2.5608083647956498e-05,2.5608083647956498e-05,2.308583923374015e-16,0.0,2.574758772785918
0.42,2.4,0.23,0.015,0.48,0.2,0.2,13.151412195906577,2.8376983185942364,0.25495711757212663,2.4803942787456068e-05,2.4803942787456068e-05,4.515148980315767e-16,0.0,2.5901687821336505
0.42,2.4,0.23,0.015,0.48,0.2,0.26,13.151409932842213,2.8450549428328316,0.25277115210694656,3.2491604231996846e-05,3.2491604231996846e-05,2.7129225579879104e-16,0.0,2.590776478700917
0.42,2.4,0.23,0.015,0.45999999999999996,0.21000000000000002,0.26,13.151454440733582,2.8342341084122724,0.2618098897463007,3.3535402958619065e-05,3.3535402958619065e-05,2.3973727810306944e-16,0.0,2.631271193166371
0.42,2.4,0.23,0.015,0.44,0.22,0.22,13.151474396772638,2.824765479838084,0.2686411023381763,2.913095870043375e-05,2.913095870043375e-05,1.1331774887142144e-16,0.0,2.6353277805201665
0.42,2.4,0.23,0.015,0.44,0.22,0.2,13.151474623945417,2.82259987683884,0.26884838431293834,2.6408642655954828e-05,2.6408642655954828e-05,2.26353164439503e-16,0.0,2.6430289906386992
0.42,2.4,0.23,0.015,0.45999999999999996,0.21000000000000002,0.18,13.151456403821873,2.8249871552559034,0.26364213152536303,2.2965624209655977e-05,2.2965624209655977e-05,4.1693132341119155e-16,0.0,2.6471501697635937
0.42,2.4,0.23,0.015,0.48,0.2,0.27999999999999997,13.151411463397805,2.8475136644340235,0.254251621381352,3.505413592986076e-05,3.505413592986076e-05,3.168637562835266e-16,0.0,2.673965323411936
0.42,2.4,0.23,0.015,0.48,0.2,0.18,13.151415235172752,2.8352526508216958,0.25786368691794276,2.2241369924347332e-05,2.2241369924347332e-05,2.5674200470398723e-16,0.0,2.6750001826874694
0.42,2.4,0.23,0.015,0.44,0.22,0.24,13.15147531205705,2.8269348312261116,0.26947527328675386,3.185326427614793e-05,3.185326427614793e-05,2.3349355432654143e-16,0.0,2.6766120990259332
0.42,2.4,0.23,0.015,0.44,0.22,0.18,13.151475993575461,2.8204380304963075,0.27009472143870483,2.3686317121063977e-05,2.3686317121063977e-05,2.4923409757847506e-16,0.0,2.6998729349135795
0.42,2.4,0.23,0.015,0.45999999999999996,0.21000000000000002,0.27999999999999997,13.151456806104893,2.8365546099079366,0.26401603111875716,3.617781989578156e-05,3.617781989578156e-05,3.3091185991640707e-16,0.0,2.7415378883191903
0.42,2.4,0.23,0.015,0.45999999999999996,0.21000000000000002,0.16,13.15145975073828,2.8226842212783883,0.2667369440921792,2.0323156519803237e-05,2.0323156519803237e-05,4.634114981264396e-16,0.0,2.767156990723504
0.42,2.4,0.23,0.015,0.44,0.22,0.26,13.151477369799055,2.8291079227491194,0.27134129226910714,3.4575558404713325e-05,3.4575558404713325e-05,3.2026209048336133e-16,0.0,2.767512370575493
0.42,2.4,0.23,0.015,0.48,0.2,0.3,13.151414136409292,2.8499756294538092,0.25681669307224897,3.7616655034884705e-05,3.7616655034884705e-05,4.485610516323829e-16,0.0,2.799957311518456
0.42,2.4,0.23,0.015,0.48,0.2,0.16,13.15141941689633,2.8328102666457253,0.2618100941806024,1.9678789071470026e-05,1.9678789071470026e-05,5.086191038234432e-16,0.0,2.80557166938389
0.42,2.4,0.23,0.015,0.44,0.22,0.16,13.151478505663338,2.818279949092491,0.27236585000437324,2.096398307411748e-05,2.096398307411748e-05,2.398063060746894e-16,0.0,2.8067954763760126
0.42,2.4,0.23,0.015,0.45999999999999996,0.21000000000000002,0.3,13.151460313934864,2.8388786003054425,0.26725419554679897,3.882022383395328e-05,3.882022383395328e-05,1.4189253356921878e-16,0.0,2.899708094814973
0.42,2.4,0.23,0.015,0.44,0.22,0.27999999999999997,13.151480569999539,2.831284746167488,0.2742180952946169,3.7297840107797936e-05,3.7297840107797936e-05,5.001135876646751e-16,0.0,2.9094109783577062
0.42,2.4,0.23,0.015,0.44,0.22,0.3,13.151484912659873,2.833465293255832,0.2780743130574628,4.002010840702466e-05,4.002010840702466e-05,1.7252106237448318e-16,0.0,3.104366547130675
0.42,2.4,0.23,0.015,0.48,0.21000000000000002,0.22,13.151191251747,2.8976278303710385,0.2631096559621604,2.8449258345209644e-05,2.8449258345209644e-05,3.243399451937851e-16,0.0,3.2884519452449923
0.42,2.4,0.23,0.015,0.48,0.21000000000000002,0.24,13.151190637126449,2.9000058633214647,0.26253620155695556,3.111338144322698e-05,3.111338144322698e-05,5.605240927581595e-16,0.0,3.3030147967387538
0.42,2.4,0.23,0.015,0.48,0.21000000000000002,0.2,13.151193008803268,2.8952531233490397,0.26474217641762066,2.5785125026180772e-05,2.5785125026180772e-05,5.03250725105976e-16,0.0,3.320488008062057
0.42,2.4,0.23,0.015,0.45999999999999996,0.22,0.22,13.15122332935536,2.8900925581696306,0.2706910910057171,2.933141249925053e-05,2.933141249925053e-05,4.425245246222931e-16,0.0,3.336686310865581
0.42,2.4,0.23,0.015,0.45999999999999996,0.22,0.2,13.151224251616473,2.8878566397181458,0.27152528106995943,2.6587410162041275e-05,2.6587410162041275e-05,3.6596550137560217e-16,0.0,3.350719179029649
0.42,2.4,0.23,0.015,0.48,0.21000000000000002,0.26,13.151191164941375,2.9023872144261245,0.26302874023671274,3.3777493363001954e-05,3.3777493363001954e-05,5.609168742385078e-16,0.0,3.3637220773051766
0.42,2.4,0.23,0.015,0.45999999999999996,0.22,0.24,13.151223549530782,2.8923320327728326,0.2708904742800977,3.207540429658873e-05,3.207540429658873e-05,4.2717235380792923e-16,0.0,3.372640593976369
0.42,2.4,0.23,0.015,0.48,0.21000000000000002,0.18,13.151195908295973,2.8928817500473416,0.2674143673123292,2.3120982443329552e-05,2.3120982443329552e-05,2.226063242946524e-16,0.0,3.400395677635607
0.42,2.4,0.23,0.015,0.45999999999999996,0.22,0.18,13.151226316314483,2.885624285307983,0.2733835832113937,2.384339827100207e-05,2.384339827100207e-05,3.7664078655801656e-16,0.0,3.415359968957677
0.42,2.4,0.23,0.015,0.45999999999999996,0.22,0.26,13.151224912142842,2.894575055653036,0.272121159015842,3.481938456798006e-05,3.481938456798006e-05,3.5636905734094097e-16,0.0,3.458731199645801
0.42,2.4,0.23,0.015,0.48,0.21000000000000002,0.27999999999999997,13.151192835192008,2.904771875928522,0.2645813187880826,3.64415931473662e-05,3.64415931473662e-05,4.978883033369143e-16,0.0,3.470964524872512
0.42,2.4,0.23,0.015,0.48,0.21000000000000002,0.16,13.151199950226323,2.8905137182754808,0.271095486199761,2.045683155387293e-05,2.045683155387293e-05,6.311989282909241e-16,0.0,3.530192239380019
0.42,2.4,0.23,0.015,0.45999999999999996,0.22,0.16,13.151229523450253,2.883395502843608,0.2762453305498543,2.1099377812239944e-05,2.1099377812239944e-05,4.550765266049787e-16,0.0,3.53196477441474
0.42,2.4,0.23,0.015,0.45999999999999996,0.22,0.27999999999999997,13.151227417192136,2.8968216189504643,0.2743692678329983,3.7563352327348726e-05,3.7563352327348726e-05,2.2096880808547584e-16,0.0,3.595868864815784
0.42,2.4,0.23,0.015,0.48,0.21000000000000002,0.3,13.151195647879078,2.9071598400898746,0.2671754579004856,3.910567983911317e-05,3.910567983911317e-05,5.058987251590261e-16,0.0,3.6259548593867517
0.42,2.4,0.23,0.015,0.45999999999999996,0.22,0.3,13.15123106467974,2.8990717148203093,0.2776100842595287,4.0307306588636266e-05,4.0307306588636266e-05,3.7798316908402945e-16,0.0,3.7856755963894164
0.42,2.4,0.23,0.015,0.48,0.22,0.22,13.150961446310474,2.9567255004724666,0.2731208374611492,2.9529995351586236e-05,2.9529995351586236e-05,3.36091201716261e-16,0.0,4.157951015039731
0.42,2.4,0.23,0.015,0.48,0.22,0.2,13.150963063614297,2.9544234004391785,0.2745691072509254,2.676432189665373e-05,2.676432189665373e-05,3.400898718825185e-16,0.0,4.178923663122227
0.42,2.4,0.23,0.015,0.48,0.22,0.24,13.150960971421789,2.9590309745013155,0.2726941213197639,3.229565819621097e-05,3.229565819621097e-05,2.430107056859139e-16,0.0,4.188241729096945
0.42,2.4,0.23,0.015,0.48,0.22,0.18,13.150965823333927,2.9521246819080784,0.27702290912891947,2.3998638825174085e-05,2.3998638825174085e-05,2.6188077014474827e-16,0.0,4.252210987186543
0.42,2.4,0.23,0.015,0.48,0.22,0.26,13.150961638948063,2.9613398150344445,0.2732937440010996,3.5061309436749954e-05,3.5061309436749954e-05,5.982017275392923e-16,0.0,4.26948183311165
0.42,2.4,0.23,0.015,0.48,0.22,0.16,13.150969725470508,2.9498293524011236,0.2804558510687359,2.123294713094609e-05,2.123294713094609e-05,5.986885466340653e-16,0.0,4.379544816759706
0.42,2.4,0.23,0.015,0.48,0.22,0.27999999999999997,13.150963448889591,2.96365201459595,0.2749129898373397,3.7826948079421746e-05,3.7826948079421746e-05,3.179847973502318e-16,0.0,4.402112051505049
0.42,2.4,0.23,0.015,0.48,0.22,0.3,13.150966401247162,2.965967565725329,0.27753401270455896,4.0592573130458776e-05,4.0592573130458776e-05,4.463825591698778e-16,0.0,4.587303498717718
