align_rank,cp_e,cp_nu,cp_rel,beta_e,beta_nu,beta_rel,phase_e,phase_nu,phase_rel,theta12,theta23,theta13,J,absJ,raw_unitarity,raw_leakage,gap_e,gap_nu,s1,s2,s3,L12,L23,L13,LJ,Lleak,Lunit,Lsign,Lgap,loss,P_overlap,P_misalignment,L12_check,L23_check,L13_check,LJ_check,Lalign,loss_with_Lalign,noalign_rank,loss_without_Lalign,loss_without_Lalign_validation
0,0.1,0.1399999999999999,0.0399999999999999,0.0049999999999999,0.0,-0.0049999999999999,-0.03,0.06,0.09,33.302971673169615,48.90886970499066,8.501808429667,-0.0310159120181136,0.0310159120181136,0.9527513461489,0.1977330096256057,1.0904309218585813,1.0812158516018384,0.9953932980953858,0.9427850445142734,0.2319477517491759,0.013039418301343,0.0376697105209886,0.0744014442316898,0.1076032395659103,6.920655336896199,14.2912701922335,0.0,0.0920976669516522,21.53673700870128,0.6444837391981625,0.3555162608018375,0.013039418301343093,0.026159521195132308,0.037959920526372364,0.047823662029296186,42.6619512962205,61.39200122280954,63,18.730049926589043,18.730049926589043
1,0.1,0.1399999999999999,0.0399999999999999,0.0049999999999999,0.0,-0.0049999999999999,-0.03,0.08,0.11,33.30297167316853,48.90886970499051,8.501808429667081,-0.0310159120181124,0.0310159120181124,0.9527513461488994,0.1977330096256052,1.0904309218585813,1.0812158516018384,0.9953932980953858,0.9427850445142736,0.2319477517491769,0.0130394183015499,0.0376697105210291,0.0744014442315115,0.1076032395661766,6.920655336896183,14.291270192233492,0.0,0.0920976669516522,21.536737008701596,0.6444837391981627,0.3555162608018373,0.013039418301549992,0.026159521195159127,0.03795992052628139,0.047823662029412864,42.66195129622047,61.39200122280974,65,18.730049926589267,18.730049926589267
2,0.1,0.1399999999999999,0.0399999999999999,0.0049999999999999,0.0,-0.0049999999999999,-0.03,0.03,0.06,33.30297167316813,48.90886970499126,8.50180842966701,-0.0310159120181122,0.0310159120181122,0.9527513461488988,0.1977330096256043,1.0904309218585813,1.0812158516018395,0.9953932980953848,0.9427850445142736,0.2319477517491786,0.0130394183016257,0.0376697105208342,0.0744014442316665,0.1076032395662214,6.920655336896153,14.29127019223348,0.0,0.0920976669516522,21.536737008701635,0.6444837391981623,0.35551626080183774,0.013039418301625721,0.02615952119502377,0.0379599205263605,0.04782366202943243,42.66195129622053,61.39200122280977,64,18.73004992658924,18.73004992658924
3,0.1,0.1399999999999999,0.0399999999999999,0.0049999999999999,0.0,-0.0049999999999999,-0.03,0.04,0.07,33.30297167316818,48.90886970499118,8.501808429666898,-0.0310159120181118,0.0310159120181118,0.9527513461488986,0.1977330096256042,1.0904309218585813,1.0812158516018393,0.995393298095386,0.942785044514274,0.2319477517491787,0.0130394183016162,0.0376697105208544,0.0744014442319107,0.1076032395662957,6.920655336896148,14.291270192233478,0.0,0.0920976669516522,21.536737008701955,0.6444837391981635,0.3555162608018365,0.013039418301616255,0.02615952119503781,0.03795992052648509,0.047823662029471206,42.66195129622038,61.392001222809775,67,18.730049926589395,18.730049926589395
4,0.1,0.1399999999999999,0.0399999999999999,0.0049999999999999,0.0,-0.0049999999999999,-0.03,0.02,0.05,33.30297167316912,48.90886970499126,8.501808429666845,-0.0310159120181125,0.0310159120181125,0.9527513461488996,0.1977330096256052,1.0904309218585813,1.0812158516018393,0.9953932980953848,0.9427850445142738,0.2319477517491769,0.0130394183014377,0.0376697105208342,0.074401444232027,0.1076032395661516,6.920655336896183,14.291270192233494,0.0,0.0920976669516522,21.536737008701778,0.6444837391981623,0.35551626080183774,0.013039418301437754,0.02615952119502377,0.03795992052654441,0.04782366202940309,42.66195129622053,61.392001222809796,66,18.73004992658927,18.73004992658927
5,0.1,0.1399999999999999,0.0399999999999999,0.0049999999999999,0.0,-0.0049999999999999,-0.0099999999999999,0.06,0.0699999999999999,33.30297167316956,48.90886970499066,8.501808429666694,-0.0310159120181124,0.0310159120181124,0.9527513461488992,0.1977330096256049,1.0904309218585817,1.0812158516018384,0.995393298095386,0.942785044514274,0.2319477517491774,0.0130394183013539,0.0376697105209905,0.0744014442323565,0.1076032395661645,6.920655336896172,14.291270192233489,0.0,0.0920976669516522,21.536737008702172,0.6444837391981633,0.35551626080183674,0.013039418301353913,0.026159521195132308,0.03795992052671252,0.047823662029412864,42.66195129622041,61.39200122280986,68,18.73004992658945,18.73004992658945
6,0.1,0.1399999999999999,0.0399999999999999,0.0049999999999999,0.0,-0.0049999999999999,-0.03,0.05,0.08,33.30297167316788,48.90886970499075,8.501808429666962,-0.0310159120181118,0.0310159120181118,0.9527513461488988,0.1977330096256043,1.0904309218585813,1.081215851601839,0.9953932980953856,0.9427850445142744,0.2319477517491784,0.013039418301673,0.0376697105209666,0.0744014442317712,0.1076032395663025,6.920655336896153,14.29127019223348,0.0,0.0920976669516522,21.536737008702,0.6444837391981634,0.3555162608018366,0.013039418301673052,0.026159521195115706,0.03795992052641389,0.047823662029471206,42.661951296220394,61.39200122280987,69,18.73004992658947,18.73004992658947
7,0.1,0.1399999999999999,0.0399999999999999,0.0049999999999999,0.0,-0.0049999999999999,-0.0099999999999999,0.08,0.09,33.30297167316846,48.90886970499046,8.501808429666784,-0.0310159120181112,0.0310159120181112,0.9527513461488988,0.1977330096256045,1.0904309218585817,1.0812158516018384,0.995393298095386,0.942785044514274,0.2319477517491781,0.0130394183015635,0.037669710521042,0.0744014442321588,0.1076032395664376,6.920655336896161,14.29127019223348,0.0,0.0920976669516522,21.53673700870249,0.6444837391981634,0.3555162608018366,0.013039418301563516,0.02615952119516806,0.037959920526611665,0.04782366202952955,42.661951296220394,61.39200122281008,71,18.730049926589682,18.730049926589682
8,0.1,0.1399999999999999,0.0399999999999999,0.0049999999999999,0.0,-0.0049999999999999,-0.0099999999999999,0.04,0.05,33.30297167316811,48.908869704991154,8.501808429666601,-0.0310159120181106,0.0310159120181106,0.9527513461488978,0.1977330096256035,1.0904309218585817,1.0812158516018393,0.9953932980953862,0.9427850445142748,0.23194775174918,0.0130394183016297,0.0376697105208618,0.0744014442325581,0.1076032395665514,6.920655336896125,14.291270192233467,0.0,0.0920976669516522,21.536737008702847,0.6444837391981643,0.35551626080183574,0.013039418301629779,0.026159521195042917,0.03795992052681536,0.04782366202958788,42.66195129622029,61.392001222810094,75,18.73004992658981,18.73004992658981
9,0.1,0.1399999999999999,0.0399999999999999,0.0049999999999999,0.0,-0.0049999999999999,-0.0099999999999999,0.03,0.0399999999999999,33.30297167316808,48.90886970499124,8.501808429666717,-0.031015912018111,0.031015912018111,0.952751346148898,0.1977330096256036,1.0904309218585817,1.0812158516018395,0.9953932980953848,0.942785044514274,0.23194775174918,0.0130394183016351,0.0376697105208397,0.0744014442323061,0.1076032395664816,6.920655336896126,14.29127019223347,0.0,0.0920976669516522,21.536737008702517,0.6444837391981628,0.3555162608018372,0.013039418301635186,0.026159521195027603,0.03795992052668681,0.0478236620295491,42.661951296220465,61.39200122281011,70,18.73004992658964,18.73004992658964
10,0.1,0.1399999999999999,0.0399999999999999,0.0049999999999999,0.0,-0.0049999999999999,-0.03,0.07,0.1,33.302971673168216,48.908869704990906,8.501808429666784,-0.0310159120181113,0.0310159120181113,0.9527513461488994,0.1977330096256052,1.0904309218585813,1.0812158516018393,0.995393298095386,0.9427850445142738,0.2319477517491768,0.0130394183016094,0.0376697105209261,0.0744014442321588,0.107603239566408,6.920655336896184,14.291270192233492,0.0,0.0920976669516522,21.53673700870243,0.644483739198163,0.35551626080183696,0.013039418301609495,0.026159521195087614,0.037959920526611665,0.047823662029519765,42.66195129622044,61.39200122281012,73,18.73004992658969,18.73004992658969
11,0.1,0.1399999999999999,0.0399999999999999,0.0049999999999999,0.0,-0.0049999999999999,-0.0099999999999999,0.02,0.03,33.30297167316906,48.90886970499125,8.50180842966654,-0.0310159120181113,0.0310159120181113,0.9527513461488988,0.1977330096256045,1.0904309218585817,1.0812158516018393,0.9953932980953852,0.9427850445142744,0.2319477517491782,0.0130394183014485,0.037669710520836,0.0744014442326937,0.1076032395664194,6.92065533689616,14.29127019223348,0.0,0.0920976669516522,21.53673700870269,0.644483739198163,0.35551626080183696,0.013039418301448572,0.02615952119502632,0.03795992052688458,0.047823662029519765,42.66195129622044,61.39200122281012,72,18.730049926589686,18.730049926589686
12,0.1,0.1399999999999999,0.0399999999999999,0.0049999999999999,0.0,-0.0049999999999999,-0.03,0.0,0.03,33.302971673168,48.90886970499069,8.501808429666829,-0.0310159120181112,0.0310159120181112,0.9527513461488996,0.1977330096256052,1.0904309218585813,1.081215851601839,0.9953932980953856,0.9427850445142738,0.2319477517491767,0.01303941830165,0.0376697105209813,0.0744014442320619,0.1076032395664293,6.920655336896184,14.291270192233496,0.0,0.0920976669516522,21.536737008702453,0.6444837391981627,0.3555162608018373,0.013039418301650063,0.026159521195125924,0.03795992052656222,0.04782366202952955,42.66195129622047,61.3920012228102,74,18.73004992658973,18.73004992658973
13,0.1,0.1399999999999999,0.0399999999999999,0.0049999999999999,0.0,-0.0049999999999999,-0.0099999999999999,0.05,0.06,33.302971673167846,48.90886970499067,8.501808429666662,-0.0310159120181106,0.0310159120181106,0.952751346148898,0.1977330096256037,1.0904309218585817,1.081215851601839,0.9953932980953858,0.9427850445142744,0.2319477517491798,0.0130394183016798,0.0376697105209868,0.0744014442324263,0.1076032395665605,6.92065533689613,14.291270192233467,0.0,0.0920976669516522,21.536737008702904,0.6444837391981637,0.3555162608018363,0.013039418301679812,0.026159521195129747,0.037959920526748125,0.04782366202958788,42.66195129622035,61.392001222810244,76,18.730049926589892,18.730049926589892
14,0.1,0.1399999999999999,0.0399999999999999,0.0049999999999999,0.0,-0.0049999999999999,0.0,0.06,0.06,33.30297167316992,48.908869704990536,8.501808429666232,-0.0310159120181114,0.0310159120181114,0.9527513461488992,0.1977330096256049,1.0904309218585806,1.0812158516018384,0.9953932980953863,0.9427850445142736,0.2319477517491773,0.0130394183012849,0.0376697105210217,0.0744014442333643,0.1076032395663799,6.920655336896173,14.291270192233489,0.0,0.0920976669516523,21.53673700870337,0.6444837391981632,0.35551626080183685,0.013039418301284947,0.026159521195154016,0.037959920527226715,0.04782366202950998,42.66195129622042,61.392001222810435,77,18.730049926590013,18.730049926590013
15,0.1,0.1399999999999999,0.0399999999999999,0.0049999999999999,0.0,-0.0049999999999999,-0.0099999999999999,0.07,0.08,33.30297167316814,48.90886970499086,8.501808429666488,-0.0310159120181101,0.0310159120181101,0.9527513461488986,0.1977330096256045,1.0904309218585817,1.0812158516018393,0.9953932980953863,0.9427850445142744,0.2319477517491781,0.0130394183016243,0.0376697105209372,0.0744014442328061,0.1076032395666629,6.92065533689616,14.291270192233478,0.0,0.0920976669516522,21.53673700870332,0.6444837391981638,0.3555162608018362,0.013039418301624368,0.02615952119509527,0.037959920526941936,0.047823662029636435,42.661951296220344,61.39200122281045,79,18.730049926590105,18.730049926590105
16,0.1,0.1399999999999999,0.0399999999999999,0.0049999999999999,0.0,-0.0049999999999999,0.02,0.06,0.0399999999999999,33.30297167316949,48.90886970499079,8.501808429666339,-0.0310159120181106,0.0310159120181106,0.9527513461488998,0.1977330096256057,1.0904309218585793,1.0812158516018384,0.995393298095386,0.9427850445142744,0.2319477517491758,0.0130394183013674,0.0376697105209555,0.0744014442331317,0.1076032395665636,6.9206553368962,14.291270192233496,0.0,0.0920976669516523,21.53673700870337,0.6444837391981633,0.35551626080183674,0.013039418301367433,0.02615952119510805,0.03795992052710806,0.04782366202958788,42.66195129622041,61.39200122281048,78,18.73004992659007,18.73004992659007
17,0.1,0.1399999999999999,0.0399999999999999,0.0049999999999999,0.0,-0.0049999999999999,-0.0199999999999999,0.06,0.0799999999999999,33.30297167316993,48.90886970499067,8.50180842966617,-0.031015912018111,0.031015912018111,0.9527513461488996,0.1977330096256052,1.0904309218585804,1.0812158516018384,0.9953932980953862,0.9427850445142738,0.2319477517491767,0.0130394183012835,0.0376697105209868,0.0744014442335,0.1076032395664695,6.920655336896184,14.291270192233494,0.0,0.0920976669516523,21.536737008703568,0.6444837391981632,0.35551626080183685,0.013039418301283594,0.026159521195129747,0.03795992052729594,0.0478236620295491,42.66195129622042,61.39200122281054,80,18.73004992659012,18.73004992659012
18,0.1,0.1399999999999999,0.0399999999999999,0.0049999999999999,0.0,-0.0049999999999999,-0.0099999999999999,0.0,0.0099999999999999,33.30297167316793,48.90886970499062,8.501808429666527,-0.03101591201811,0.03101591201811,0.9527513461488988,0.1977330096256045,1.0904309218585817,1.081215851601839,0.9953932980953858,0.9427850445142744,0.231947751749178,0.0130394183016635,0.0376697105209997,0.0744014442327209,0.1076032395666986,6.920655336896161,14.29127019223348,0.0,0.0920976669516522,21.536737008703376,0.6444837391981634,0.3555162608018366,0.013039418301663584,0.02615952119513869,0.03795992052689843,0.04782366202964622,42.661951296220394,61.39200122281055,81,18.730049926590155,18.730049926590155
19,0.1,0.1399999999999999,0.0399999999999999,0.0049999999999999,0.0,-0.0049999999999999,0.0,0.08,0.08,33.30297167316884,48.908869704990366,8.501808429666317,-0.0310159120181102,0.0310159120181102,0.9527513461488988,0.1977330096256044,1.0904309218585806,1.0812158516018384,0.9953932980953863,0.9427850445142736,0.2319477517491784,0.0130394183014904,0.0376697105210659,0.0744014442331783,0.1076032395666409,6.920655336896156,14.291270192233483,0.0,0.0920976669516523,21.536737008703668,0.6444837391981634,0.3555162608018366,0.013039418301490493,0.026159521195184658,0.03795992052713179,0.047823662029626665,42.661951296220394,61.392001222810634,83,18.730049926590237,18.730049926590237
20,0.1,0.1399999999999999,0.0399999999999999,0.0049999999999999,0.0,-0.0049999999999999,0.0,0.03,0.03,33.30297167316846,48.90886970499118,8.501808429666237,-0.0310159120181101,0.0310159120181101,0.952751346148898,0.1977330096256035,1.0904309218585806,1.0812158516018395,0.9953932980953852,0.9427850445142736,0.2319477517491801,0.0130394183015635,0.0376697105208544,0.0744014442333527,0.1076032395666811,6.920655336896124,14.291270192233473,0.0,0.0920976669516522,21.5367370087037,0.6444837391981628,0.3555162608018372,0.013039418301563516,0.02615952119503781,0.03795992052722079,0.047823662029636435,42.661951296220465,61.39200122281066,82,18.730049926590194,18.730049926590194
21,0.1,0.1399999999999999,0.0399999999999999,0.0049999999999999,0.0,-0.0049999999999999,0.02,0.08,0.06,33.30297167316837,48.90886970499062,8.501808429666417,-0.0310159120181093,0.0310159120181093,0.9527513461488992,0.1977330096256053,1.0904309218585793,1.0812158516018384,0.9953932980953863,0.9427850445142748,0.2319477517491765,0.0130394183015797,0.0376697105209997,0.0744014442329612,0.107603239566842,6.9206553368961865,14.291270192233489,0.0,0.0920976669516523,21.53673700870371,0.6444837391981638,0.3555162608018362,0.013039418301579744,0.02615952119513869,0.03795992052702104,0.04782366202971434,42.661951296220344,61.39200122281066,88,18.730049926590322,18.730049926590322
22,0.1,0.1399999999999999,0.0399999999999999,0.0049999999999999,0.0,-0.0049999999999999,0.02,0.03,0.0099999999999999,33.302971673168,48.90886970499139,8.501808429666367,-0.0310159120181092,0.0310159120181092,0.9527513461488988,0.1977330096256043,1.0904309218585793,1.0812158516018395,0.9953932980953852,0.9427850445142744,0.2319477517491785,0.01303941830165,0.0376697105208011,0.0744014442330697,0.1076032395668693,6.920655336896152,14.29127019223348,0.0,0.0920976669516523,21.536737008703675,0.6444837391981632,0.35551626080183685,0.013039418301650063,0.026159521195000784,0.03795992052707641,0.04782366202972378,42.66195129622042,61.39200122281067,85,18.730049926590247,18.730049926590247
23,0.1,0.1399999999999999,0.0399999999999999,0.0049999999999999,0.0,-0.0049999999999999,0.0,0.02,0.02,33.30297167316943,48.908869704991176,8.50180842966607,-0.0310159120181104,0.0310159120181104,0.9527513461488988,0.1977330096256045,1.0904309218585806,1.0812158516018393,0.9953932980953856,0.942785044514274,0.2319477517491782,0.0130394183013782,0.0376697105208562,0.0744014442337171,0.1076032395666091,6.920655336896157,14.291270192233483,0.0,0.0920976669516522,21.53673700870385,0.644483739198163,0.35551626080183696,0.013039418301378254,0.026159521195039094,0.03795992052740668,0.0478236620296071,42.66195129622044,61.39200122281068,84,18.73004992659024,18.73004992659024
24,0.1,0.1399999999999999,0.0399999999999999,0.0049999999999999,0.0,-0.0049999999999999,0.02,0.04,0.0199999999999999,33.30297167316803,48.90886970499131,8.501808429666246,-0.0310159120181088,0.0310159120181088,0.9527513461488984,0.1977330096256042,1.0904309218585793,1.0812158516018393,0.9953932980953863,0.9427850445142753,0.2319477517491786,0.0130394183016446,0.0376697105208213,0.0744014442333333,0.1076032395669505,6.920655336896147,14.291270192233476,0.0,0.0920976669516523,21.536737008704023,0.6444837391981644,0.3555162608018356,0.013039418301644653,0.026159521195014825,0.037959920527210894,0.04782366202976289,42.66195129622027,61.39200122281069,92,18.730049926590418,18.730049926590418
25,0.1,0.1399999999999999,0.0399999999999999,0.0049999999999999,0.0,-0.0049999999999999,0.0,0.04,0.04,33.30297167316849,48.90886970499109,8.501808429666132,-0.0310159120181097,0.0310159120181097,0.952751346148898,0.1977330096256035,1.0904309218585806,1.0812158516018393,0.9953932980953868,0.9427850445142736,0.2319477517491801,0.0130394183015567,0.0376697105208783,0.0744014442335814,0.1076032395667517,6.920655336896124,14.291270192233467,0.0,0.0920976669516522,21.536737008704016,0.6444837391981638,0.3555162608018362,0.013039418301556756,0.02615952119505441,0.037959920527337467,0.047823662029675224,42.661951296220344,61.392001222810705,91,18.73004992659036,18.73004992659036
26,0.1,0.1399999999999999,0.0399999999999999,0.0049999999999999,0.0,-0.0049999999999999,0.02,0.02,-3.469446951953614e-18,33.302971673168955,48.90886970499135,8.50180842966618,-0.0310159120181094,0.0310159120181094,0.9527513461488992,0.1977330096256051,1.0904309218585793,1.0812158516018393,0.9953932980953856,0.9427850445142748,0.2319477517491769,0.0130394183014688,0.0376697105208121,0.0744014442334767,0.107603239566823,6.920655336896181,14.291270192233489,0.0,0.0920976669516523,21.536737008703906,0.6444837391981634,0.3555162608018366,0.013039418301468856,0.026159521195007168,0.03795992052728407,0.04782366202970455,42.661951296220394,61.39200122281071,87,18.73004992659032,18.73004992659032
27,0.1,0.1399999999999999,0.0399999999999999,0.0049999999999999,0.0,-0.0049999999999999,-0.0199999999999999,0.08,0.1,33.302971673168855,48.90886970499053,8.501808429666246,-0.0310159120181098,0.0310159120181098,0.952751346148899,0.1977330096256047,1.0904309218585804,1.0812158516018384,0.9953932980953858,0.9427850445142746,0.2319477517491777,0.0130394183014877,0.0376697105210236,0.0744014442333333,0.1076032395667449,6.920655336896167,14.291270192233483,0.0,0.0920976669516523,21.53673700870389,0.6444837391981635,0.3555162608018365,0.01303941830148779,0.026159521195155293,0.037959920527210894,0.04782366202966544,42.66195129622038,61.39200122281072,90,18.730049926590343,18.730049926590343
28,0.1,0.1399999999999999,0.0399999999999999,0.0049999999999999,0.0,-0.0049999999999999,-0.0199999999999999,0.04,0.06,33.30297167316847,48.90886970499124,8.501808429666085,-0.0310159120181093,0.0310159120181093,0.952751346148898,0.1977330096256038,1.0904309218585804,1.0812158516018393,0.9953932980953863,0.9427850445142748,0.2319477517491795,0.0130394183015608,0.0376697105208397,0.074401444233686,0.1076032395668519,6.920655336896134,14.29127019223347,0.0,0.0920976669516522,21.536737008704197,0.6444837391981643,0.35551626080183574,0.013039418301560813,0.026159521195027603,0.03795992052739086,0.04782366202971434,42.66195129622029,61.392001222810734,94,18.73004992659045,18.73004992659045
29,0.1,0.1399999999999999,0.0399999999999999,0.0049999999999999,0.0,-0.0049999999999999,-0.0199999999999999,0.03,0.0499999999999999,33.30297167316844,48.90886970499128,8.50180842966619,-0.0310159120181096,0.0310159120181096,0.9527513461488982,0.1977330096256039,1.0904309218585804,1.0812158516018395,0.9953932980953852,0.942785044514274,0.2319477517491795,0.0130394183015662,0.0376697105208287,0.0744014442334573,0.1076032395667813,6.920655336896136,14.291270192233473,0.0,0.0920976669516522,21.53673700870389,0.644483739198163,0.35551626080183696,0.01303941830156622,0.026159521195019936,0.037959920527274184,0.04782366202968499,42.66195129622044,61.39200122281075,86,18.730049926590308,18.730049926590308
30,0.1,0.1399999999999999,0.0399999999999999,0.0049999999999999,0.0,-0.0049999999999999,-0.0199999999999999,0.02,0.0399999999999999,33.302971673169424,48.9088697049913,8.50180842966602,-0.03101591201811,0.03101591201811,0.9527513461488988,0.1977330096256047,1.0904309218585804,1.0812158516018393,0.9953932980953852,0.9427850445142744,0.2319477517491777,0.0130394183013796,0.0376697105208231,0.0744014442338256,0.1076032395667031,6.920655336896164,14.291270192233483,0.0,0.0920976669516522,21.53673700870403,0.6444837391981629,0.35551626080183707,0.013039418301379604,0.026159521195017386,0.03795992052746206,0.04782366202964622,42.66195129622045,61.39200122281078,89,18.73004992659033,18.73004992659033
31,0.1,0.1399999999999999,0.0399999999999999,0.0049999999999999,0.0,-0.0049999999999999,0.0,0.05,0.05,33.30297167316822,48.90886970499064,8.501808429666195,-0.0310159120181097,0.0310159120181097,0.952751346148898,0.1977330096256037,1.0904309218585806,1.081215851601839,0.995393298095386,0.942785044514274,0.2319477517491797,0.0130394183016081,0.0376697105209941,0.0744014442334457,0.1076032395667654,6.92065533689613,14.29127019223347,0.0,0.0920976669516522,21.536737008704065,0.6444837391981636,0.3555162608018364,0.013039418301608142,0.026159521195134858,0.037959920527268244,0.047823662029675224,42.661951296220366,61.392001222810805,93,18.730049926590436,18.730049926590436
32,0.1,0.1399999999999999,0.0399999999999999,0.0049999999999999,0.0,-0.0049999999999999,0.02,0.05,0.03,33.30297167316776,48.90886970499085,8.501808429666307,-0.0310159120181088,0.0310159120181088,0.9527513461488984,0.1977330096256044,1.0904309218585793,1.081215851601839,0.9953932980953858,0.9427850445142753,0.2319477517491782,0.013039418301696,0.0376697105209408,0.0744014442332015,0.1076032395669581,6.920655336896155,14.291270192233476,0.0,0.0920976669516523,21.53673700870408,0.644483739198164,0.35551626080183596,0.013039418301696038,0.026159521195097832,0.037959920527143656,0.04782366202976289,42.661951296220316,61.39200122281082,95,18.7300499265905,18.7300499265905
33,0.1,0.1399999999999999,0.0399999999999999,0.0049999999999999,0.0,-0.0049999999999999,-0.0199999999999999,0.05,0.07,33.30297167316826,48.90886970499079,8.501808429666147,-0.0310159120181093,0.0310159120181093,0.952751346148898,0.1977330096256039,1.0904309218585804,1.081215851601839,0.9953932980953856,0.9427850445142748,0.2319477517491793,0.0130394183016013,0.0376697105209555,0.0744014442335504,0.1076032395668549,6.920655336896137,14.29127019223347,0.0,0.0920976669516523,21.536737008704225,0.6444837391981638,0.3555162608018362,0.013039418301601382,0.02615952119510805,0.037959920527321646,0.04782366202971434,42.661951296220344,61.39200122281085,96,18.730049926590507,18.730049926590507
34,0.1,0.1399999999999999,0.0399999999999999,0.0049999999999999,0.0,-0.0049999999999999,0.0,0.07,0.07,33.30297167316849,48.90886970499078,8.501808429666013,-0.0310159120181091,0.0310159120181091,0.9527513461488988,0.1977330096256044,1.0904309218585806,1.0812158516018393,0.9953932980953868,0.9427850445142744,0.2319477517491782,0.0130394183015567,0.0376697105209592,0.0744014442338411,0.10760323956688,6.920655336896156,14.29127019223348,0.0,0.0920976669516522,21.536737008704527,0.644483739198164,0.35551626080183596,0.013039418301556756,0.026159521195110596,0.03795992052746998,0.04782366202973355,42.661951296220316,61.39200122281099,98,18.730049926590674,18.730049926590674
35,0.1,0.1399999999999999,0.0399999999999999,0.0049999999999999,0.0,-0.0049999999999999,-0.03,0.01,0.04,33.30297167316734,48.9088697049903,8.501808429666344,-0.0310159120181092,0.0310159120181092,0.9527513461488988,0.1977330096256044,1.0904309218585813,1.081215851601839,0.9953932980953852,0.942785044514274,0.2319477517491784,0.0130394183017758,0.0376697105210824,0.0744014442331201,0.1076032395668579,6.920655336896156,14.291270192233483,0.0,0.0920976669516522,21.53673700870413,0.6444837391981629,0.35551626080183707,0.013039418301775825,0.026159521195196152,0.03795992052710212,0.04782366202972378,42.66195129622045,61.39200122281105,97,18.7300499265906,18.7300499265906
36,0.1,0.1399999999999999,0.0399999999999999,0.0049999999999999,0.0,-0.0049999999999999,0.02,0.07,0.05,33.302971673168074,48.90886970499105,8.501808429666129,-0.0310159120181084,0.0310159120181084,0.9527513461488992,0.1977330096256052,1.0904309218585793,1.0812158516018393,0.9953932980953863,0.9427850445142748,0.2319477517491767,0.0130394183016365,0.0376697105208893,0.0744014442335891,0.1076032395670461,6.920655336896183,14.291270192233489,0.0,0.0920976669516523,21.536737008704485,0.6444837391981638,0.3555162608018362,0.01303941830163654,0.02615952119506208,0.03795992052734142,0.047823662029801664,42.661951296220344,61.39200122281105,100,18.730049926590702,18.730049926590702
37,0.1,0.1399999999999999,0.0399999999999999,0.0049999999999999,0.0,-0.0049999999999999,0.0,0.0,0.0,33.3029716731683,48.90886970499061,8.501808429666054,-0.0310159120181091,0.0310159120181091,0.9527513461488988,0.1977330096256045,1.0904309218585806,1.081215851601839,0.995393298095386,0.9427850445142744,0.231947751749178,0.0130394183015932,0.0376697105210033,0.0744014442337519,0.1076032395668936,6.920655336896161,14.291270192233483,0.0,0.0920976669516522,21.536737008704534,0.6444837391981636,0.3555162608018364,0.013039418301593268,0.02615952119514124,0.03795992052742449,0.04782366202973355,42.661951296220366,61.39200122281107,99,18.730049926590702,18.730049926590702
38,0.1,0.1399999999999999,0.0399999999999999,0.0049999999999999,0.0,-0.0049999999999999,0.02,0.0,-0.02,33.30297167316784,48.908869704990806,8.501808429666179,-0.0310159120181082,0.0310159120181082,0.9527513461488992,0.1977330096256052,1.0904309218585793,1.081215851601839,0.995393298095386,0.9427850445142748,0.2319477517491767,0.0130394183016811,0.0376697105209519,0.0744014442334806,0.1076032395670871,6.920655336896183,14.291270192233489,0.0,0.0920976669516523,21.536737008704524,0.6444837391981636,0.3555162608018364,0.013039418301681165,0.02615952119510549,0.03795992052728605,0.047823662029821225,42.661951296220366,61.39200122281112,101,18.730049926590755,18.730049926590755
39,0.1,0.1399999999999999,0.0399999999999999,0.0049999999999999,0.0,-0.0049999999999999,-0.0199999999999999,0.07,0.09,33.30297167316849,48.90886970499093,8.50180842966596,-0.0310159120181087,0.0310159120181087,0.9527513461488988,0.1977330096256048,1.0904309218585804,1.0812158516018393,0.995393298095386,0.9427850445142744,0.2319477517491776,0.0130394183015567,0.0376697105209188,0.0744014442339574,0.1076032395669733,6.920655336896168,14.291270192233483,0.0,0.0920976669516522,21.53673700870471,0.6444837391981635,0.3555162608018365,0.013039418301556756,0.02615952119508378,0.0379599205275293,0.04782366202977234,42.66195129622038,61.39200122281115,102,18.730049926590773,18.730049926590773
40,0.1,0.1399999999999999,0.0399999999999999,0.0049999999999999,0.0,-0.0049999999999999,-0.0199999999999999,0.0,0.0199999999999999,33.30297167316831,48.90886970499068,8.50180842966601,-0.0310159120181087,0.0310159120181087,0.952751346148899,0.1977330096256048,1.0904309218585804,1.081215851601839,0.9953932980953856,0.9427850445142748,0.2319477517491776,0.0130394183015919,0.037669710520985,0.0744014442338488,0.1076032395669862,6.920655336896168,14.291270192233483,0.0,0.0920976669516523,21.53673700870472,0.6444837391981635,0.3555162608018365,0.013039418301591913,0.026159521195128474,0.03795992052747393,0.04782366202977234,42.66195129622038,61.392001222811174,103,18.730049926590798,18.730049926590798
41,0.1,0.1399999999999999,0.0399999999999999,0.0049999999999999,0.0,-0.0049999999999999,-0.0099999999999999,0.01,0.0199999999999999,33.302971673167285,48.90886970499029,8.501808429666042,-0.031015912018108,0.031015912018108,0.952751346148898,0.1977330096256036,1.0904309218585817,1.081215851601839,0.995393298095386,0.9427850445142748,0.2319477517491799,0.0130394183017866,0.0376697105210861,0.0744014442337791,0.1076032395671258,6.920655336896126,14.29127019223347,0.0,0.0920976669516522,21.536737008705025,0.6444837391981642,0.35551626080183585,0.013039418301786643,0.026159521195198703,0.03795992052743833,0.04782366202984045,42.6619512962203,61.39200122281131,105,18.730049926591008,18.730049926591008
42,0.1,0.1399999999999999,0.0399999999999999,0.0049999999999999,0.0,-0.0049999999999999,0.01,0.06,0.0499999999999999,33.30297167316947,48.90886970499055,8.501808429665708,-0.0310159120181081,0.0310159120181081,0.9527513461488992,0.1977330096256048,1.0904309218585797,1.0812158516018384,0.9953932980953863,0.942785044514274,0.2319477517491776,0.0130394183013701,0.0376697105210181,0.0744014442345078,0.1076032395671189,6.920655336896168,14.291270192233489,0.0,0.0920976669516523,21.536737008705323,0.6444837391981635,0.3555162608018365,0.013039418301370141,0.02615952119515146,0.03795992052781013,0.04782366202983067,42.66195129622038,61.39200122281137,104,18.730049926590993,18.730049926590993
43,0.1,0.1399999999999999,0.0399999999999999,0.0049999999999999,0.0,-0.0049999999999999,0.01,0.03,0.0199999999999999,33.30297167316802,48.90886970499114,8.501808429665727,-0.0310159120181068,0.0310159120181068,0.9527513461488978,0.1977330096256034,1.0904309218585797,1.0812158516018395,0.9953932980953852,0.9427850445142748,0.2319477517491802,0.0130394183016473,0.0376697105208654,0.0744014442344652,0.1076032395673974,6.920655336896122,14.291270192233467,0.0,0.0920976669516523,21.53673700870561,0.6444837391981636,0.3555162608018364,0.013039418301647357,0.026159521195045478,0.037959920527788384,0.04782366202995712,42.661951296220366,61.39200122281153,106,18.730049926591164,18.730049926591164
44,0.1,0.1399999999999999,0.0399999999999999,0.0049999999999999,0.0,-0.0049999999999999,0.01,0.08,0.07,33.302971673168415,48.90886970499035,8.5018084296658,-0.0310159120181069,0.0310159120181069,0.9527513461488986,0.1977330096256043,1.0904309218585797,1.0812158516018384,0.9953932980953863,0.9427850445142744,0.2319477517491784,0.0130394183015716,0.0376697105210695,0.0744014442343062,0.1076032395673708,6.920655336896153,14.291270192233478,0.0,0.0920976669516523,21.5367370087056,0.6444837391981638,0.3555162608018362,0.01303941830157163,0.026159521195187208,0.03795992052770729,0.04782366202994734,42.661951296220344,61.39200122281155,108,18.730049926591207,18.730049926591207
45,0.1,0.1399999999999999,0.0399999999999999,0.0049999999999999,0.0,-0.0049999999999999,0.01,0.02,0.0099999999999999,33.302971673169004,48.90886970499115,8.501808429665559,-0.0310159120181071,0.0310159120181071,0.9527513461488986,0.1977330096256043,1.0904309218585797,1.0812158516018393,0.9953932980953856,0.9427850445142748,0.2319477517491785,0.0130394183014593,0.0376697105208636,0.0744014442348334,0.1076032395673352,6.920655336896153,14.291270192233478,0.0,0.0920976669516523,21.53673700870577,0.6444837391981636,0.3555162608018364,0.013039418301459391,0.026159521195044205,0.037959920527976254,0.047823662029928125,42.661951296220366,61.39200122281157,107,18.730049926591203,18.730049926591203
46,0.1,0.1399999999999999,0.0399999999999999,0.0049999999999999,0.0,-0.0049999999999999,0.01,0.04,0.03,33.30297167316803,48.90886970499109,8.501808429665626,-0.0310159120181063,0.0310159120181063,0.9527513461488978,0.1977330096256035,1.0904309218585797,1.0812158516018393,0.9953932980953868,0.9427850445142744,0.2319477517491801,0.0130394183016446,0.0376697105208783,0.0744014442346861,0.1076032395675036,6.9206553368961226,14.291270192233467,0.0,0.0920976669516523,21.53673700870596,0.6444837391981644,0.3555162608018356,0.013039418301644653,0.02615952119505441,0.0379599205279011,0.04782366203000568,42.66195129622027,61.392001222811615,109,18.730049926591338,18.730049926591338
47,0.1,0.1399999999999999,0.0399999999999999,0.0049999999999999,0.0,-0.0049999999999999,0.01,0.05,0.04,33.30297167316779,48.90886970499064,8.501808429665681,-0.0310159120181064,0.0310159120181064,0.952751346148898,0.1977330096256035,1.0904309218585797,1.081215851601839,0.995393298095386,0.9427850445142748,0.23194775174918,0.0130394183016906,0.037669710520996,0.0744014442345659,0.1076032395674892,6.920655336896125,14.291270192233467,0.0,0.0920976669516523,21.536737008705988,0.6444837391981642,0.35551626080183585,0.013039418301690631,0.026159521195134858,0.0379599205278398,0.0478236620299959,42.6619512962203,61.3920012228117,110,18.7300499265914,18.7300499265914
48,0.1,0.1399999999999999,0.0399999999999999,0.0049999999999999,0.0,-0.0049999999999999,0.01,0.07,0.06,33.302971673168095,48.90886970499077,8.501808429665509,-0.031015912018106,0.031015912018106,0.9527513461488986,0.1977330096256044,1.0904309218585797,1.0812158516018393,0.9953932980953868,0.9427850445142748,0.2319477517491782,0.0130394183016324,0.037669710520961,0.074401444234942,0.1076032395675787,6.920655336896156,14.291270192233478,0.0,0.0920976669516523,21.5367370087064,0.6444837391981643,0.35551626080183574,0.013039418301632483,0.026159521195111873,0.03795992052803163,0.04782366203003501,42.66195129622029,61.3920012228119,112,18.73004992659161,18.73004992659161
49,0.1,0.1399999999999999,0.0399999999999999,0.0049999999999999,0.0,-0.0049999999999999,0.0,0.01,0.01,33.302971673167654,48.90886970499025,8.501808429665582,-0.0310159120181071,0.0310159120181071,0.952751346148898,0.1977330096256036,1.0904309218585806,1.081215851601839,0.995393298095386,0.942785044514274,0.2319477517491799,0.0130394183017163,0.0376697105210953,0.074401444234783,0.1076032395673261,6.920655336896126,14.291270192233473,0.0,0.0920976669516522,21.53673700870617,0.6444837391981636,0.3555162608018364,0.013039418301716323,0.026159521195205093,0.037959920527950546,0.047823662029928125,42.661951296220366,61.392001222811906,111,18.73004992659154,18.73004992659154
50,0.1,0.1399999999999999,0.0399999999999999,0.0049999999999999,0.0,-0.0049999999999999,0.02,0.01,-0.01,33.30297167316721,48.90886970499047,8.501808429665685,-0.0310159120181062,0.0310159120181062,0.9527513461488986,0.1977330096256044,1.0904309218585793,1.081215851601839,0.995393298095386,0.9427850445142753,0.2319477517491782,0.0130394183018015,0.0376697105210383,0.0744014442345582,0.107603239567515,6.920655336896155,14.291270192233478,0.0,0.0920976669516523,21.5367370087062,0.6444837391981642,0.35551626080183585,0.013039418301801517,0.02615952119516551,0.03795992052783584,0.04782366203001546,42.6619512962203,61.39200122281192,113,18.73004992659162,18.73004992659162
51,0.1,0.1399999999999999,0.0399999999999999,0.0049999999999999,0.0,-0.0049999999999999,-0.0199999999999999,0.01,0.03,33.30297167316768,48.9088697049904,8.501808429665523,-0.0310159120181067,0.0310159120181067,0.952751346148898,0.1977330096256039,1.0904309218585804,1.081215851601839,0.9953932980953856,0.9427850445142748,0.2319477517491792,0.0130394183017109,0.0376697105210585,0.0744014442349109,0.1076032395674042,6.920655336896138,14.291270192233473,0.0,0.0920976669516523,21.536737008706343,0.6444837391981638,0.3555162608018362,0.013039418301710915,0.026159521195178278,0.037959920528015806,0.0478236620299669,42.661951296220344,61.39200122281198,114,18.730049926591633,18.730049926591633
52,0.1,0.1399999999999999,0.0399999999999999,0.0049999999999999,0.0,-0.0049999999999999,0.01,0.0,-0.01,33.30297167316787,48.908869704990586,8.501808429665548,-0.0310159120181057,0.0310159120181057,0.9527513461488988,0.1977330096256044,1.0904309218585797,1.081215851601839,0.9953932980953862,0.9427850445142744,0.2319477517491782,0.0130394183016757,0.0376697105210089,0.0744014442348567,0.1076032395676326,6.920655336896156,14.29127019223348,0.0,0.0920976669516523,21.53673700870646,0.6444837391981637,0.3555162608018363,0.013039418301675754,0.026159521195145075,0.03795992052798812,0.04782366203006402,42.66195129622035,61.39200122281203,115,18.730049926591676,18.730049926591676
53,0.1,0.1399999999999999,0.0399999999999999,0.0049999999999999,0.0,-0.0049999999999999,0.03,0.06,0.03,33.302971673169914,48.90886970499059,8.50180842966478,-0.0310159120181053,0.0310159120181053,0.9527513461488988,0.1977330096256047,1.0904309218585793,1.0812158516018384,0.9953932980953856,0.9427850445142754,0.2319477517491776,0.0130394183012862,0.037669710521007,0.0744014442365312,0.1076032395677183,6.920655336896165,14.29127019223348,0.0,0.0920976669516523,21.53673700870784,0.6444837391981638,0.3555162608018362,0.013039418301286297,0.0261595211951438,0.03795992052884247,0.0478236620301028,42.661951296220344,61.39200122281254,116,18.730049926592198,18.730049926592198
54,0.1,0.1399999999999999,0.0399999999999999,0.0049999999999999,0.0,-0.0049999999999999,0.03,0.08,0.05,33.3029716731688,48.90886970499043,8.50180842966486,-0.0310159120181041,0.0310159120181041,0.9527513461488984,0.1977330096256042,1.0904309218585793,1.0812158516018384,0.9953932980953858,0.9427850445142753,0.2319477517491786,0.0130394183014986,0.0376697105210493,0.0744014442363568,0.1076032395679877,6.92065533689615,14.291270192233474,0.0,0.0920976669516523,21.53673700870817,0.644483739198164,0.35551626080183596,0.013039418301498606,0.026159521195173167,0.03795992052875349,0.047823662030219476,42.661951296220316,61.392001222812745,118,18.73004992659243,18.73004992659243
55,0.1,0.1399999999999999,0.0399999999999999,0.0049999999999999,0.0,-0.0049999999999999,0.03,0.03,0.0,33.30297167316842,48.908869704991176,8.501808429664795,-0.0310159120181039,0.0310159120181039,0.9527513461488976,0.1977330096256032,1.0904309218585793,1.0812158516018395,0.9953932980953848,0.9427850445142753,0.2319477517491804,0.0130394183015702,0.0376697105208562,0.0744014442365002,0.1076032395680355,6.920655336896115,14.291270192233466,0.0,0.0920976669516523,21.536737008708197,0.6444837391981636,0.3555162608018364,0.013039418301570276,0.026159521195039094,0.037959920528826664,0.04782366203023903,42.661951296220366,61.39200122281275,117,18.730049926592386,18.730049926592386
56,0.1,0.1399999999999999,0.0399999999999999,0.0049999999999999,0.0,-0.0049999999999999,0.03,0.02,-0.0099999999999999,33.302971673169374,48.9088697049912,8.501808429664617,-0.0310159120181041,0.0310159120181041,0.9527513461488984,0.1977330096256042,1.0904309218585793,1.0812158516018393,0.9953932980953848,0.9427850445142758,0.2319477517491785,0.013039418301389,0.0376697105208489,0.0744014442368878,0.1076032395679733,6.92065533689615,14.291270192233474,0.0,0.0920976669516523,21.53673700870837,0.6444837391981637,0.3555162608018363,0.013039418301389072,0.02615952119503526,0.03795992052902442,0.047823662030219476,42.66195129622035,61.39200122281281,119,18.730049926592454,18.730049926592454
57,0.1,0.1399999999999999,0.0399999999999999,0.0049999999999999,0.0,-0.0049999999999999,0.01,0.01,-1.734723475976807e-18,33.30297167316719,48.9088697049902,8.501808429665074,-0.0310159120181038,0.0310159120181038,0.952751346148898,0.1977330096256035,1.0904309218585797,1.081215851601839,0.995393298095386,0.9427850445142748,0.23194775174918,0.0130394183018042,0.03766971052111,0.0744014442358916,0.1076032395680575,6.920655336896125,14.291270192233467,0.0,0.0920976669516523,21.53673700870811,0.6444837391981642,0.35551626080183585,0.013039418301804225,0.026159521195214027,0.03795992052851616,0.04782366203024881,42.6619512962203,61.39200122281282,120,18.730049926592518,18.730049926592518
58,0.1,0.1399999999999999,0.0399999999999999,0.0049999999999999,0.0,-0.0049999999999999,0.03,0.04,0.01,33.30297167316843,48.908869704991154,8.501808429664678,-0.0310159120181035,0.0310159120181035,0.9527513461488974,0.1977330096256032,1.0904309218585793,1.0812158516018393,0.9953932980953856,0.9427850445142756,0.2319477517491804,0.0130394183015689,0.0376697105208618,0.074401444236756,0.107603239568122,6.920655336896115,14.291270192233462,0.0,0.0920976669516523,21.53673700870854,0.6444837391981644,0.3555162608018356,0.013039418301568927,0.026159521195042917,0.037959920528957185,0.047823662030277804,42.66195129622027,61.39200122281283,121,18.730049926592557,18.730049926592557
59,0.1,0.1399999999999999,0.0399999999999999,0.0049999999999999,0.0,-0.0049999999999999,0.03,0.05,0.02,33.30297167316819,48.90886970499064,8.501808429664743,-0.0310159120181035,0.0310159120181035,0.9527513461488976,0.1977330096256034,1.0904309218585793,1.081215851601839,0.9953932980953852,0.942785044514276,0.2319477517491801,0.0130394183016149,0.037669710520996,0.0744014442366126,0.1076032395681151,6.920655336896122,14.291270192233464,0.0,0.0920976669516523,21.536737008708577,0.6444837391981644,0.3555162608018356,0.013039418301614902,0.026159521195134858,0.03795992052888401,0.047823662030277804,42.66195129622027,61.39200122281291,122,18.73004992659264,18.73004992659264
60,0.1,0.1399999999999999,0.0399999999999999,0.0049999999999999,0.0,-0.0049999999999999,0.03,0.07,0.04,33.30297167316846,48.90886970499084,8.501808429664568,-0.031015912018103,0.031015912018103,0.9527513461488982,0.1977330096256043,1.0904309218585793,1.0812158516018393,0.995393298095386,0.9427850445142753,0.2319477517491785,0.0130394183015635,0.0376697105209427,0.0744014442369963,0.1076032395682198,6.920655336896152,14.291270192233473,0.0,0.0920976669516523,21.536737008709,0.6444837391981643,0.35551626080183574,0.013039418301563516,0.026159521195099105,0.037959920529079795,0.04782366203032636,42.66195129622029,61.39200122281315,123,18.730049926592862,18.730049926592862
61,0.1,0.1399999999999999,0.0399999999999999,0.0049999999999999,0.0,-0.0049999999999999,0.03,0.0,-0.03,33.302971673168265,48.90886970499066,8.501808429664608,-0.0310159120181029,0.0310159120181029,0.9527513461488984,0.1977330096256044,1.0904309218585793,1.081215851601839,0.9953932980953852,0.9427850445142754,0.2319477517491783,0.0130394183016,0.0376697105209905,0.0744014442369072,0.1076032395682532,6.920655336896154,14.291270192233474,0.0,0.0920976669516523,21.536737008709032,0.6444837391981637,0.3555162608018363,0.013039418301600028,0.026159521195132308,0.03795992052903432,0.047823662030336146,42.66195129622035,61.39200122281325,124,18.7300499265929,18.7300499265929
62,0.1,0.1399999999999999,0.0399999999999999,0.0049999999999999,0.0,-0.0049999999999999,0.03,0.01,-0.0199999999999999,33.3029716731676,48.90886970499024,8.501808429664115,-0.0310159120181009,0.0310159120181009,0.9527513461488976,0.1977330096256035,1.0904309218585793,1.081215851601839,0.9953932980953852,0.9427850445142758,0.23194775174918,0.0130394183017271,0.037669710521099,0.0744014442379848,0.1076032395686849,6.920655336896124,14.291270192233464,0.0,0.0920976669516523,21.536737008710737,0.6444837391981643,0.35551626080183574,0.013039418301727144,0.026159521195207643,0.03795992052958411,0.04782366203053072,42.66195129622029,61.39200122281407,125,18.730049926593782,18.730049926593782
63,0.1,0.145,0.0449999999999999,0.0049999999999999,0.0,-0.0049999999999999,-0.03,0.02,0.05,33.41778847120518,48.91948137577997,8.485024242632122,-0.0310051349648885,0.0310051349648885,0.9526717831365136,0.1976304018986592,1.0904309218585813,1.0810593149391954,0.9953725237546868,0.9427179189167898,0.2321532995796927,0.0003426055634743,0.0349736437930231,0.1155340694439133,0.1099729375652477,6.917064066453072,14.290076747047705,0.0,0.0921043630858272,21.560068432952264,0.6444595633994387,0.35554043660056134,0.0003426055634743849,0.02428725263404382,0.05894595379791498,0.04887686114011898,42.66485239206736,61.394792113791624,0,18.729939721724264,18.729939721724264
64,0.1,0.145,0.0449999999999999,0.0049999999999999,0.0,-0.0049999999999999,-0.03,0.06,0.09,33.41778847120477,48.91948137577951,8.485024242632004,-0.0310051349648876,0.0310051349648876,0.952671783136514,0.1976304018986595,1.0904309218585813,1.081059314939195,0.9953725237546868,0.9427179189167904,0.2321532995796919,0.0003426055634868,0.0349736437931382,0.1155340694442321,0.1099729375654625,6.917064066453084,14.290076747047708,0.0,0.0921043630858272,21.56006843295294,0.644459563399439,0.355540436600561,0.0003426055634868792,0.02428725263412256,0.05894595379807763,0.04887686114020727,42.66485239206732,61.394792113791944,1,18.729939721724627,18.729939721724627
65,0.1,0.145,0.0449999999999999,0.0049999999999999,0.0,-0.0049999999999999,-0.0099999999999999,0.02,0.03,33.41778847120516,48.91948137577996,8.485024242631821,-0.0310051349648875,0.0310051349648875,0.952671783136513,0.1976304018986584,1.0904309218585817,1.0810593149391954,0.9953725237546868,0.9427179189167912,0.2321532995796941,0.000342605563475,0.0349736437930248,0.1155340694447296,0.1099729375654824,6.917064066453046,14.290076747047696,0.0,0.0921043630858272,21.56006843295328,0.6444595633994398,0.35554043660056023,0.00034260556347504245,0.024287252634045048,0.05894595379833147,0.04887686114021716,42.664852392067225,61.39479211379195,3,18.729939721724723,18.729939721724723
66,0.1,0.145,0.0449999999999999,0.0049999999999999,0.0,-0.0049999999999999,-0.03,0.08,0.11,33.41778847120458,48.91948137577894,8.485024242632024,-0.0310051349648875,0.0310051349648875,0.9526717831365136,0.197630401898659,1.0904309218585813,1.0810593149391945,0.9953725237546864,0.94271791891679,0.2321532995796931,0.0003426055634927,0.0349736437932782,0.115534069444179,0.1099729375654747,6.917064066453065,14.290076747047705,0.0,0.0921043630858272,21.56006843295302,0.6444595633994387,0.35554043660056134,0.0003426055634927975,0.02428725263422099,0.058945953798050524,0.04887686114021716,42.66485239206736,61.394792113792036,2,18.72993972172468,18.72993972172468
67,0.1,0.145,0.0449999999999999,0.0049999999999999,0.0,-0.0049999999999999,-0.03,0.0,0.03,33.41778847120438,48.91948137577944,8.485024242631882,-0.0310051349648871,0.0310051349648871,0.952671783136513,0.1976304018986582,1.0904309218585813,1.081059314939195,0.995372523754686,0.9427179189167904,0.2321532995796944,0.0003426055634989,0.0349736437931542,0.1155340694445654,0.1099729375655607,6.917064066453039,14.290076747047696,0.0,0.0921043630858272,21.56006843295334,0.6444595633994388,0.3555404366005612,0.00034260556349893496,0.024287252634134872,0.05894595379824767,0.048876861140256356,42.664852392067345,61.39479211379212,4,18.729939721724776,18.729939721724776
68,0.1,0.145,0.0449999999999999,0.0049999999999999,0.0,-0.0049999999999999,-0.03,0.04,0.07,33.41778847120442,48.919481375779775,8.485024242631765,-0.0310051349648867,0.0310051349648867,0.9526717831365128,0.1976304018986581,1.0904309218585813,1.0810593149391954,0.9953725237546862,0.9427179189167908,0.2321532995796946,0.0003426055634978,0.0349736437930709,0.1155340694448842,0.109972937565645,6.917064066453035,14.29007674704769,0.0,0.0921043630858272,21.560068432953653,0.6444595633994392,0.3555404366005608,0.000342605563497839,0.02428725263407704,0.05894595379841033,0.048876861140295914,42.664852392067296,61.39479211379221,5,18.72993972172491,18.72993972172491
69,0.1,0.145,0.0449999999999999,0.0049999999999999,0.0,-0.0049999999999999,-0.0099999999999999,0.06,0.0699999999999999,33.41778847120472,48.9194813757795,8.485024242631697,-0.0310051349648864,0.0310051349648864,0.9526717831365132,0.1976304018986587,1.0904309218585817,1.081059314939195,0.9953725237546868,0.9427179189167916,0.2321532995796932,0.0003426055634886,0.03497364379314,0.1155340694450677,0.1099729375657256,6.917064066453057,14.290076747047696,0.0,0.0921043630858272,21.560068432954004,0.6444595633994399,0.3555404366005601,0.0003426055634884135,0.024287252634125026,0.05894595379850399,0.04887686114032523,42.66485239206722,61.394792113792334,6,18.729939721725117,18.729939721725117
70,0.1,0.145,0.0449999999999999,0.0049999999999999,0.0,-0.0049999999999999,-0.0099999999999999,0.08,0.09,33.417788471204496,48.91948137577894,8.48502424263172,-0.0310051349648863,0.0310051349648863,0.9526717831365128,0.1976304018986582,1.0904309218585817,1.0810593149391945,0.9953725237546868,0.9427179189167912,0.2321532995796944,0.0003426055634954,0.0349736437932782,0.115534069445005,0.1099729375657486,6.917064066453039,14.290076747047692,0.0,0.0921043630858272,21.56006843295409,0.6444595633994399,0.3555404366005601,0.0003426055634954279,0.02428725263422099,0.05894595379847194,0.04887686114033511,42.66485239206722,61.39479211379238,7,18.72993972172516,18.72993972172516
71,0.1,0.145,0.0449999999999999,0.0049999999999999,0.0,-0.0049999999999999,-0.03,0.05,0.08,33.41778847120333,48.919481375779085,8.485024242631834,-0.0310051349648855,0.0310051349648855,0.9526717831365138,0.1976304018986595,1.0904309218585813,1.0810593149391947,0.9953725237546868,0.9427179189167916,0.2321532995796918,0.0003426055635313,0.0349736437932427,0.1155340694446958,0.1099729375659135,6.917064066453083,14.290076747047706,0.0,0.0921043630858272,21.560068432954,0.6444595633994398,0.35554043660056023,0.00034260556353137624,0.02428725263419639,0.05894595379831422,0.04887686114041352,42.664852392067225,61.39479211379241,8,18.729939721725188,18.729939721725188
72,0.1,0.145,0.0449999999999999,0.0049999999999999,0.0,-0.0049999999999999,-0.0099999999999999,0.0,0.0099999999999999,33.41778847120433,48.91948137577942,8.48502424263158,-0.0310051349648859,0.0310051349648859,0.952671783136512,0.1976304018986575,1.0904309218585817,1.081059314939195,0.9953725237546862,0.9427179189167908,0.2321532995796957,0.0003426055635004,0.0349736437931595,0.1155340694453865,0.1099729375658368,6.917064066453015,14.29007674704768,0.0,0.0921043630858272,21.56006843295441,0.6444595633994394,0.35554043660056056,0.0003426055635004694,0.024287252634138556,0.058945953798666635,0.04887686114037432,42.66485239206727,61.39479211379253,9,18.729939721725263,18.729939721725263
73,0.1,0.145,0.0449999999999999,0.0049999999999999,0.0,-0.0049999999999999,-0.03,0.01,0.04,33.41778847120281,48.91948137577961,8.485024242631651,-0.0310051349648849,0.0310051349648849,0.952671783136512,0.1976304018986574,1.0904309218585813,1.0810593149391958,0.9953725237546864,0.9427179189167904,0.2321532995796959,0.0003426055635473,0.0349736437931116,0.1155340694451933,0.1099729375660439,6.917064066453011,14.29007674704768,0.0,0.0921043630858272,21.560068432954413,0.6444595633994393,0.35554043660056067,0.00034260556354737777,0.024287252634105336,0.05894595379856806,0.0488768611404725,42.66485239206728,61.394792113792555,10,18.729939721725273,18.729939721725273
74,0.1,0.145,0.0449999999999999,0.0049999999999999,0.0,-0.0049999999999999,-0.03,0.03,0.06,33.41778847120419,48.91948137577987,8.485024242631557,-0.0310051349648861,0.0310051349648861,0.9526717831365132,0.1976304018986586,1.0904309218585813,1.0810593149391954,0.9953725237546864,0.9427179189167908,0.2321532995796936,0.0003426055635048,0.0349736437930479,0.1155340694454493,0.1099729375657977,6.917064066453053,14.290076747047696,0.0,0.0921043630858272,21.560068432954377,0.6444595633994392,0.3555404366005608,0.0003426055635048533,0.024287252634061042,0.058945953798698665,0.04887686114035488,42.664852392067296,61.39479211379258,11,18.729939721725287,18.729939721725287
75,0.1,0.145,0.0449999999999999,0.0049999999999999,0.0,-0.0049999999999999,-0.0099999999999999,0.04,0.05,33.41778847120431,48.91948137577972,8.485024242631459,-0.0310051349648854,0.0310051349648854,0.952671783136512,0.1976304018986575,1.0904309218585817,1.0810593149391954,0.9953725237546864,0.9427179189167912,0.2321532995796958,0.0003426055635011,0.0349736437930851,0.115534069445715,0.1099729375659442,6.917064066453014,14.29007674704768,0.0,0.0921043630858272,21.560068432954765,0.6444595633994399,0.3555404366005601,0.00034260556350112695,0.024287252634086882,0.05894595379883421,0.04887686114042341,42.66485239206722,61.39479211379265,12,18.72993972172543,18.72993972172543
76,0.1,0.145,0.0449999999999999,0.0049999999999999,0.0,-0.0049999999999999,0.02,0.02,-3.469446951953614e-18,33.41778847120505,48.91948137578005,8.485024242631468,-0.0310051349648856,0.0310051349648856,0.9526717831365136,0.1976304018986591,1.0904309218585793,1.0810593149391954,0.9953725237546872,0.9427179189167908,0.2321532995796928,0.0003426055634783,0.0349736437930018,0.1155340694456908,0.1099729375658943,6.917064066453069,14.290076747047705,0.0,0.0921043630858273,21.560068432954665,0.6444595633994397,0.35554043660056034,0.00034260556347833046,0.02428725263402905,0.05894595379882189,0.048876861140403974,42.66485239206724,61.394792113792676,14,18.729939721725437,18.729939721725437
77,0.1,0.145,0.0449999999999999,0.0049999999999999,0.0,-0.0049999999999999,0.0,0.02,0.02,33.41778847120548,48.91948137577987,8.485024242631356,-0.0310051349648864,0.0310051349648864,0.952671783136513,0.1976304018986584,1.0904309218585806,1.0810593149391954,0.9953725237546872,0.9427179189167904,0.232153299579694,0.0003426055634651,0.0349736437930479,0.1155340694459952,0.1099729375657202,6.917064066453046,14.290076747047696,0.0,0.0921043630858272,21.5600684329548,0.6444595633994396,0.35554043660056045,0.0003426055634649593,0.024287252634061042,0.05894595379897715,0.04887686114032523,42.66485239206725,61.39479211379273,15,18.729939721725483,18.729939721725483
78,0.1,0.145,0.0449999999999999,0.0049999999999999,0.0,-0.0049999999999999,-0.03,0.07,0.1,33.41778847120395,48.919481375779,8.48502424263166,-0.0310051349648857,0.0310051349648857,0.9526717831365143,0.1976304018986598,1.0904309218585813,1.0810593149391947,0.9953725237546868,0.9427179189167902,0.2321532995796913,0.0003426055635123,0.034973643793264,0.1155340694451692,0.1099729375658744,6.917064066453095,14.290076747047715,0.0,0.0921043630858272,21.560068432954456,0.6444595633994387,0.35554043660056134,0.00034260556351230605,0.024287252634211148,0.05894595379855574,0.04887686114039409,42.66485239206736,61.39479211379279,13,18.72993972172543,18.72993972172543
79,0.1,0.145,0.0449999999999999,0.0049999999999999,0.0,-0.0049999999999999,-0.0199999999999999,0.02,0.0399999999999999,33.417788471205505,48.91948137578,8.485024242631301,-0.0310051349648861,0.0310051349648861,0.952671783136513,0.1976304018986587,1.0904309218585804,1.0810593149391954,0.9953725237546872,0.9427179189167908,0.2321532995796936,0.0003426055634643,0.0349736437930142,0.1155340694461449,0.1099729375657946,6.917064066453054,14.290076747047696,0.0,0.0921043630858272,21.560068432955,0.6444595633994398,0.35554043660056023,0.00034260556346430175,0.02428725263403767,0.058945953799053555,0.04887686114035488,42.664852392067225,61.3947921137928,16,18.729939721725582,18.729939721725582
80,0.1,0.145,0.0449999999999999,0.0049999999999999,0.0,-0.0049999999999999,-0.0099999999999999,0.01,0.0199999999999999,33.4177884712028,48.919481375779576,8.485024242631345,-0.0310051349648837,0.0310051349648837,0.9526717831365112,0.1976304018986566,1.0904309218585817,1.0810593149391958,0.9953725237546868,0.9427179189167918,0.2321532995796976,0.0003426055635478,0.0349736437931205,0.1155340694460241,0.1099729375663085,6.917064066452983,14.290076747047667,0.0,0.0921043630858272,21.56006843295548,0.6444595633994408,0.35554043660055923,0.0003426055635478161,0.024287252634111488,0.05894595379899194,0.04887686114059045,42.664852392067104,61.39479211379286,18,18.729939721725756,18.729939721725756
81,0.1,0.145,0.0449999999999999,0.0049999999999999,0.0,-0.0049999999999999,-0.0099999999999999,0.05,0.06,33.41778847120324,48.91948137577906,8.485024242631518,-0.0310051349648843,0.0310051349648843,0.952671783136513,0.1976304018986589,1.0904309218585817,1.0810593149391947,0.9953725237546872,0.9427179189167918,0.232153299579693,0.0003426055635342,0.0349736437932498,0.1155340694455556,0.1099729375661873,6.917064066453062,14.290076747047696,0.0,0.0921043630858272,21.56006843295511,0.6444595633994403,0.3555404366005597,0.0003426055635342259,0.024287252634201312,0.058945953798752886,0.04887686114053147,42.66485239206716,61.39479211379287,17,18.729939721725707,18.729939721725707
82,0.1,0.145,0.0449999999999999,0.0049999999999999,0.0,-0.0049999999999999,0.02,0.06,0.0399999999999999,33.41778847120464,48.91948137577964,8.485024242631345,-0.0310051349648846,0.0310051349648846,0.9526717831365136,0.1976304018986595,1.0904309218585793,1.081059314939195,0.9953725237546872,0.942717918916792,0.2321532995796917,0.000342605563491,0.0349736437931045,0.1155340694460241,0.1099729375661221,6.917064066453085,14.290076747047705,0.0,0.0921043630858273,21.56006843295536,0.6444595633994402,0.3555404366005598,0.0003426055634910438,0.024287252634100413,0.05894595379899194,0.04887686114050215,42.664852392067175,61.394792113792995,20,18.72993972172582,18.72993972172582
83,0.1,0.145,0.0449999999999999,0.0049999999999999,0.0,-0.0049999999999999,-0.0099999999999999,0.03,0.0399999999999999,33.4177884712041,48.91948137577978,8.485024242631255,-0.0310051349648848,0.0310051349648848,0.9526717831365124,0.1976304018986579,1.0904309218585817,1.0810593149391954,0.995372523754687,0.942717918916791,0.232153299579695,0.0003426055635077,0.0349736437930691,0.1155340694462705,0.1099729375660815,6.917064066453029,14.290076747047689,0.0,0.0921043630858272,21.56006843295547,0.64445956339944,0.35554043660056,0.0003426055635077029,0.024287252634075808,0.05894595379911763,0.048876861140482376,42.6648523920672,61.394792113793,19,18.7299397217258,18.7299397217258
84,0.1,0.145,0.0449999999999999,0.0049999999999999,0.0,-0.0049999999999999,0.0,0.06,0.06,33.41778847120511,48.91948137577942,8.485024242631237,-0.0310051349648855,0.0310051349648855,0.9526717831365132,0.1976304018986587,1.0904309218585806,1.081059314939195,0.9953725237546872,0.942717918916791,0.2321532995796935,0.0003426055634765,0.0349736437931595,0.1155340694463188,0.1099729375659204,6.917064066453054,14.290076747047696,0.0,0.0921043630858272,21.56006843295545,0.6444595633994399,0.3555404366005601,0.00034260556347657676,0.024287252634138556,0.058945953799142276,0.04887686114041352,42.66485239206722,61.39479211379306,21,18.729939721725845,18.729939721725845
85,0.1,0.145,0.0449999999999999,0.0049999999999999,0.0,-0.0049999999999999,0.02,0.08,0.06,33.4177884712044,48.91948137577909,8.48502424263136,-0.0310051349648845,0.0310051349648845,0.9526717831365134,0.197630401898659,1.0904309218585793,1.0810593149391945,0.9953725237546868,0.942717918916791,0.2321532995796928,0.0003426055634982,0.034973643793241,0.1155340694459855,0.1099729375661497,6.917064066453068,14.2900767470477,0.0,0.0921043630858273,21.56006843295547,0.6444595633994396,0.35554043660056045,0.00034260556349827734,0.02428725263419515,0.05894595379897222,0.04887686114051204,42.66485239206725,61.39479211379313,22,18.729939721725874,18.729939721725874
86,0.1,0.145,0.0449999999999999,0.0049999999999999,0.0,-0.0049999999999999,-0.0099999999999999,0.07,0.08,33.4177884712039,48.91948137577899,8.48502424263136,-0.0310051349648846,0.0310051349648846,0.9526717831365134,0.1976304018986591,1.0904309218585817,1.0810593149391947,0.9953725237546868,0.9427179189167912,0.2321532995796927,0.0003426055635138,0.0349736437932658,0.1155340694459855,0.109972937566116,6.917064066453071,14.2900767470477,0.0,0.0921043630858272,21.56006843295548,0.6444595633994396,0.35554043660056045,0.00034260556351384047,0.024287252634212383,0.05894595379897222,0.04887686114050215,42.66485239206725,61.39479211379316,23,18.729939721725906,18.729939721725906
87,0.1,0.145,0.0449999999999999,0.0049999999999999,0.0,-0.0049999999999999,0.0,0.08,0.08,33.41778847120484,48.91948137577885,8.485024242631251,-0.0310051349648853,0.0310051349648853,0.9526717831365128,0.1976304018986583,1.0904309218585806,1.0810593149391945,0.9953725237546872,0.9427179189167902,0.2321532995796943,0.0003426055634849,0.0349736437933012,0.1155340694462802,0.109972937565971,6.91706406645304,14.290076747047694,0.0,0.0921043630858273,21.5600684329556,0.6444595633994396,0.35554043660056045,0.00034260556348490636,0.024287252634236988,0.05894595379912256,0.04887686114043329,42.66485239206725,61.39479211379317,24,18.729939721725923,18.729939721725923
88,0.1,0.145,0.0449999999999999,0.0049999999999999,0.0,-0.0049999999999999,-0.0199999999999999,0.06,0.0799999999999999,33.41778847120508,48.91948137577952,8.48502424263118,-0.031005134964885,0.031005134964885,0.9526717831365134,0.197630401898659,1.0904309218585804,1.081059314939195,0.9953725237546872,0.9427179189167912,0.2321532995796928,0.0003426055634774,0.0349736437931347,0.1155340694464734,0.1099729375660278,6.917064066453068,14.2900767470477,0.0,0.0921043630858273,21.56006843295571,0.64445956339944,0.35554043660056,0.0003426055634774536,0.02428725263412133,0.058945953799221136,0.048876861140462954,42.6648523920672,61.39479211379319,25,18.72993972172598,18.72993972172598
89,0.1,0.145,0.0449999999999999,0.0049999999999999,0.0,-0.0049999999999999,0.02,0.0,-0.02,33.41778847120422,48.91948137577954,8.485024242631214,-0.031005134964884,0.031005134964884,0.9526717831365128,0.1976304018986583,1.0904309218585793,1.081059314939195,0.9953725237546868,0.9427179189167908,0.2321532995796941,0.0003426055635039,0.0349736437931294,0.1155340694463816,0.109972937566251,6.917064066453042,14.290076747047692,0.0,0.0921043630858273,21.560068432955827,0.6444595633994396,0.35554043660056045,0.0003426055635039766,0.02428725263411764,0.05894595379917431,0.04887686114056113,42.66485239206725,61.39479211379326,26,18.729939721726,18.729939721726
90,0.1,0.145,0.0449999999999999,0.0049999999999999,0.0,-0.0049999999999999,0.02,0.04,0.0199999999999999,33.41778847120424,48.91948137577988,8.485024242631109,-0.0310051349648837,0.0310051349648837,0.9526717831365126,0.1976304018986582,1.0904309218585793,1.0810593149391954,0.9953725237546868,0.942717918916792,0.2321532995796944,0.0003426055635033,0.0349736437930443,0.1155340694466666,0.1099729375663139,6.917064066453038,14.290076747047689,0.0,0.0921043630858273,21.560068432956083,0.6444595633994404,0.35554043660055956,0.000342605563503319,0.024287252634058586,0.05894595379931971,0.04887686114059045,42.66485239206715,61.39479211379326,29,18.729939721726108,18.729939721726108
91,0.1,0.145,0.0449999999999999,0.0049999999999999,0.0,-0.0049999999999999,-0.0199999999999999,0.08,0.1,33.41778847120487,48.91948137577899,8.485024242631196,-0.0310051349648849,0.0310051349648849,0.9526717831365128,0.1976304018986585,1.0904309218585804,1.0810593149391945,0.9953725237546868,0.9427179189167908,0.2321532995796938,0.0003426055634838,0.0349736437932658,0.1155340694464299,0.10997293756605,6.91706406645305,14.290076747047694,0.0,0.0921043630858273,21.5600684329558,0.6444595633994396,0.35554043660056045,0.0003426055634838103,0.024287252634212383,0.05894595379919895,0.0488768611404725,42.66485239206725,61.39479211379328,27,18.729939721726026,18.729939721726026
92,0.1,0.145,0.0449999999999999,0.0049999999999999,0.0,-0.0049999999999999,0.0,0.0,0.0,33.41778847120467,48.91948137577932,8.485024242631113,-0.0310051349648849,0.0310051349648849,0.9526717831365122,0.1976304018986577,1.0904309218585806,1.081059314939195,0.995372523754687,0.94271791891679,0.2321532995796955,0.0003426055634899,0.0349736437931843,0.1155340694466569,0.1099729375660508,6.917064066453021,14.290076747047683,0.0,0.0921043630858272,21.560068432955912,0.6444595633994393,0.35554043660056067,0.0003426055634899479,0.02428725263415578,0.05894595379931479,0.0488768611404725,42.66485239206728,61.394792113793315,28,18.729939721726033,18.729939721726033
93,0.1,0.145,0.0449999999999999,0.0049999999999999,0.0,-0.0049999999999999,0.0,0.04,0.04,33.41778847120467,48.91948137577968,8.485024242630999,-0.0310051349648845,0.0310051349648845,0.952671783136512,0.1976304018986575,1.0904309218585806,1.0810593149391954,0.995372523754687,0.9427179189167908,0.2321532995796957,0.0003426055634899,0.0349736437930939,0.1155340694469661,0.1099729375661413,6.917064066453015,14.29007674704768,0.0,0.0921043630858272,21.56006843295621,0.64445956339944,0.35554043660056,0.0003426055634899479,0.024287252634093034,0.058945953799472504,0.04887686114051204,42.6648523920672,61.39479211379336,31,18.72993972172615,18.72993972172615
94,0.1,0.145,0.0449999999999999,0.0049999999999999,0.0,-0.0049999999999999,-0.0199999999999999,0.0,0.0199999999999999,33.41778847120469,48.91948137577951,8.485024242631066,-0.0310051349648845,0.0310051349648845,0.9526717831365124,0.1976304018986579,1.0904309218585804,1.081059314939195,0.9953725237546864,0.9427179189167908,0.2321532995796951,0.0003426055634895,0.0349736437931382,0.1155340694467825,0.1099729375661306,6.917064066453027,14.290076747047683,0.0,0.0921043630858273,21.56006843295608,0.6444595633994394,0.35554043660056056,0.00034260556348950956,0.02428725263412256,0.05894595379937886,0.04887686114051204,42.66485239206727,61.394792113793386,30,18.72993972172612,18.72993972172612
95,0.1,0.145,0.0449999999999999,0.0049999999999999,0.0,-0.0049999999999999,-0.0199999999999999,0.04,0.06,33.4177884712047,48.91948137577981,8.485024242630946,-0.0310051349648842,0.0310051349648842,0.9526717831365122,0.1976304018986577,1.0904309218585804,1.0810593149391954,0.9953725237546864,0.9427179189167912,0.2321532995796955,0.000342605563489,0.034973643793062,0.115534069447111,0.1099729375662165,6.917064066453019,14.290076747047683,0.0,0.0921043630858272,21.56006843295641,0.6444595633994398,0.35554043660056023,0.00034260556348907105,0.02428725263407089,0.05894595379954644,0.048876861140541364,42.664852392067225,61.39479211379347,32,18.729939721726247,18.729939721726247
96,0.1,0.145,0.0449999999999999,0.0049999999999999,0.0,-0.0049999999999999,0.02,0.05,0.03,33.41778847120316,48.9194813757792,8.485024242631177,-0.0310051349648825,0.0310051349648825,0.9526717831365136,0.1976304018986596,1.0904309218585793,1.0810593149391947,0.9953725237546872,0.9427179189167924,0.2321532995796917,0.0003426055635366,0.0349736437932144,0.115534069446483,0.1099729375665816,6.917064066453087,14.290076747047705,0.0,0.0921043630858273,21.56006843295643,0.6444595633994404,0.35554043660055956,0.000342605563536637,0.0242872526341767,0.05894595379922607,0.048876861140708404,42.66485239206715,61.394792113793535,33,18.72993972172639,18.72993972172639
97,0.1,0.145,0.0449999999999999,0.0049999999999999,0.0,-0.0049999999999999,0.02,0.01,-0.01,33.41778847120268,48.91948137577975,8.485024242630992,-0.0310051349648819,0.0310051349648819,0.9526717831365118,0.1976304018986574,1.0904309218585793,1.0810593149391958,0.995372523754687,0.942717918916792,0.232153299579696,0.0003426055635515,0.0349736437930762,0.1155340694469854,0.1099729375667196,6.91706406645301,14.290076747047676,0.0,0.0921043630858273,21.560068432956847,0.6444595633994408,0.35554043660055923,0.0003426055635515424,0.02428725263408073,0.058945953799482365,0.04887686114076737,42.664852392067104,61.394792113793564,35,18.72993972172646,18.72993972172646
98,0.1,0.145,0.0449999999999999,0.0049999999999999,0.0,-0.0049999999999999,0.0,0.01,0.01,33.41778847120314,48.91948137577948,8.485024242630884,-0.0310051349648828,0.0310051349648828,0.9526717831365116,0.1976304018986566,1.0904309218585806,1.0810593149391958,0.9953725237546872,0.9427179189167912,0.2321532995796975,0.0003426055635372,0.0349736437931453,0.11553406944728,0.1099729375665202,6.917064066452983,14.290076747047673,0.0,0.0921043630858272,21.560068432956967,0.6444595633994407,0.35554043660055934,0.00034260556353729463,0.024287252634127482,0.058945953799632696,0.04887686114067908,42.66485239206712,61.39479211379361,37,18.729939721726495,18.729939721726495
99,0.1,0.145,0.0449999999999999,0.0049999999999999,0.0,-0.0049999999999999,0.0,0.05,0.05,33.417788471203615,48.91948137577897,8.485024242631066,-0.0310051349648833,0.0310051349648833,0.9526717831365132,0.1976304018986588,1.0904309218585806,1.0810593149391947,0.9953725237546872,0.9427179189167912,0.2321532995796932,0.0003426055635226,0.0349736437932711,0.1155340694467825,0.1099729375664013,6.91706406645306,14.290076747047696,0.0,0.0921043630858273,21.56006843295656,0.64445956339944,0.35554043660056,0.0003426055635226083,0.02428725263421607,0.05894595379937886,0.048876861140629994,42.6648523920672,61.394792113793635,34,18.72993972172643,18.72993972172643
